voice_file,asr_text
MAY_0000.OGG,ねえねえ何ブツブツ言ってるの。
MAY_0001.OGG,おかりん、ねえってば。
MAY_0002.OGG,誰かと電話中。
MAY_0003.OGG,さっき携帯で誰と話してたの。
MAY_0004.OGG,あそうなんだオカリありがとう。
MAY_0005.OGG,それよりオカリオカリ。
MAY_0006.OGG,へえでも昔からそう呼んでたよ。
MAY_0007.OGG,だって難しくて覚えられないし。
MAY_0008.OGG,あそれに岡部凛太郎と一文字も合ってないよ。おかしいね。
MAY_0009.OGG,でね、オカリ、えっと、教えてほしいんだけど。
MAY_0010.OGG,これからここで何が始まるの。
MAY_0011.OGG,うん。
MAY_0012.OGG,記者会見？でも記者さんなんて見当たらない気がするよ。
MAY_0013.OGG,うん……巻き巻きトカゲ？あ、あそれを言うなら襟巻きトカゲだね。へへ。
MAY_0014.OGG,地震かな。震度二？あ、マグニチュード二？震度とマグニチュードってどう違うんだっけ？
MAY_0015.OGG,うん？
MAY_0016.OGG,あのねウーパが欲しいなって。
MAY_0017.OGG,でもねマユシは今百円玉を切らしちゃっているのです。
MAY_0018.OGG,だからオカリオカリ百円貸して。
MAY_0019.OGG,ああああ。
MAY_0020.OGG,ああウーパだよしかもメタルメタルウーパ。
MAY_0021.OGG,すごく。
MAY_0022.OGG,本当いいの、ヒカリ。
MAY_0023.OGG,へえありがとうカリー。
MAY_0024.OGG,ああ待って待って名前書かなくちゃ。
MAY_0025.OGG,タイムマシンあの人が作ったの。
MAY_0026.OGG,あっお帰りメタルーパがいなくなっちゃった。
MAY_0027.OGG,落としたみたい。
MAY_0028.OGG,あたりっこないよ。だってね、メタルーパはネットオークションで一万円近いプレミアがついてるんだよ。
MAY_0029.OGG,わかんないから探してるんだよ。あと見つけても売らないからね。
MAY_0030.OGG,だから占いってばマユシの名前書いちゃったし。
MAY_0031.OGG,トゥトゥルウーパさんウーパさん出ておいで。
MAY_0032.OGG,お帰りもね。
MAY_0033.OGG,夢かな。
MAY_0034.OGG,オカリどうしたの？
MAY_0035.OGG,ねえねえ何があったの顔色すごく悪いけど。
MAY_0036.OGG,え。
MAY_0037.OGG,そうなんだ。悪いことしちゃだめなんだよ、オカリン。
MAY_0038.OGG,おかりんおかりんそこはラボメンって言わなきゃ所属研究員じゃなくて。
MAY_0039.OGG,おかりんって呼び方の方が可愛いのに。
MAY_0040.OGG,ってってれえマユシーです。着るんじゃなくて作るのが趣味だよ。
MAY_0041.OGG,あ今その人ニヤリって笑った。
MAY_0042.OGG,通じないんじゃないかな。
MAY_0043.OGG,その人にしてみたらまゆしいたちがゲームみたいに見えてるのかな。
MAY_0044.OGG,うんじゃあダルくんの大好きな二次元の女の子たちもそうなの。
MAY_0045.OGG,はあ針指に刺さった。
MAY_0046.OGG,マユシはオカリナの人質だからここにいようと思います。
MAY_0047.OGG,きっとねアルパカさんが怒っちゃったんだよ。
MAY_0048.OGG,どうかした。
MAY_0049.OGG,うん？
MAY_0050.OGG,わあああ。
MAY_0051.OGG,見てない。
MAY_0052.OGG,歩いてたかな。
MAY_0053.OGG,うんそれは仕方ないと思うよ。
MAY_0054.OGG,とにかくね、最初からこの辺には誰もいなかったよ。ああ、あそっか、オカリは幻を見てたんだね。
MAY_0055.OGG,きっとこの暑さのせいだよ。トゥッテル。
MAY_0056.OGG,わあびっくりしたね。
MAY_0057.OGG,ドカーンってすっごい音がしたもん。
MAY_0058.OGG,来たのかな宇宙人さん乗ってるのかな。
MAY_0059.OGG,あっごめんなさい。
MAY_0060.OGG,おかリンは本当にドクターペッパーさんが大好きだよね。
MAY_0061.OGG,またゲルバナ作るの。
MAY_0062.OGG,だってねゲルバナはゲルバナだもん。
MAY_0063.OGG,なんでいつもいつも一房まるごと入れるの もったいないよ。
MAY_0064.OGG,勝たなくてもいいよ。あのね、バナナはマユシーが買ってきてるんだからね。おかげでマユシーはちっともバナナが食べられません。
MAY_0065.OGG,R E N G こちらは電話レンジ かっこかりです。
MAY_0066.OGG,マユシの声聞こえてきた。
MAY_0067.OGG,こちらからタイマー操作ができます。
MAY_0068.OGG,シャープボタンを押した後、温めたい秒数をプッシュしてください。
MAY_0069.OGG,例えば一分ならシャープ六零。
MAY_0070.OGG,二分ならシャープ一二零です。
MAY_0071.OGG,ゲル花のできあがりー。
MAY_0072.OGG,なんかねゲルバナは中身がデロデロでブニュブニュだったよ。
MAY_0073.OGG,味もしないし全然美味しくなかった。
MAY_0074.OGG,だるくんだるくん鼻血出てる。
MAY_0075.OGG,あなたのバナナ分乳部。
MAY_0076.OGG,冷凍の逆なら解凍じゃないのかな。
MAY_0077.OGG,じゃあどういうこと。
MAY_0078.OGG,あれれ？おかりんだ。出てる。
MAY_0079.OGG,ああアキバの武器屋本舗で買ったやつでしょ九百八十円だっけ。
MAY_0080.OGG,え消されちゃうの？ほかり心配してくれてありがとう。あでもでも奴らって誰かな？
MAY_0081.OGG,おかりんだよ。
MAY_0082.OGG,美しいステ関係だね。へへへ、まゆしは腐女子じゃないけど、ちょっとドキドキしてきちゃうよ。
MAY_0083.OGG,ルカ君に会いに来たんだよ。
MAY_0084.OGG,来月のコミまでライネットのキラリちゃんコスをしてほしいってずっと頼んでるのにちっともオッケしてくれないんだよ。
MAY_0085.OGG,でもでもルカ君は絶対似合うと思うんだ。
MAY_0086.OGG,こんな可愛い子が女の子のはずがないって大人気になるよねしようよコスプレデビュー。
MAY_0087.OGG,へえ、繭神にとっては大事なことだもん。
MAY_0088.OGG,ははは今の香りの説明ゆとりっぽいね。
MAY_0089.OGG,じゃあマユシー はこれからバイトだからもう行くね。
MAY_0090.OGG,うん。
MAY_0091.OGG,というわけでまた明日ね。
MAY_0092.OGG,姫。
MAY_0093.OGG,うん、それっていつのこと？
MAY_0094.OGG,聞いてないかな。
MAY_0095.OGG,変なおかりい。
MAY_0096.OGG,じゃあね、トゥトゥル。
MAY_0097.OGG,お帰りなさいませご主人様。
MAY_0098.OGG,ああオカリナ。
MAY_0099.OGG,お帰りお帰りなさいませ。
MAY_0100.OGG,ねえねえオカリマユシイは今気づいたんだけどね。
MAY_0101.OGG,おかりんとおかえりって似てるね。
MAY_0102.OGG,えっとね、なんかわからないけど、マユシーもサンクチュアリっていうところに行きたいな。
MAY_0103.OGG,ええ。
MAY_0104.OGG,そうだよマユシもフェリスちゃんもダメなんてねオカリナ冷たいと思うのです。
MAY_0105.OGG,フェリスちゃんはフェリスちゃんだよ。ねえ。
MAY_0106.OGG,あのねマユシは言いにくいからフェリスちゃんって短くしてるんだ。
MAY_0107.OGG,任せてにゃんにゃん。
MAY_0108.OGG,だるくん、おかリンが来たにゃん。
MAY_0109.OGG,フェリスちゃんもオカリナのこと気に入ってるみたいだにゃ。
MAY_0110.OGG,お店の子お店に来るご主人様たちみんな含めてフェリスちゃんのお話についていけるのはねおかりんだけだもんにゃ。
MAY_0111.OGG,んでえご主人様ご注文はお決まりですかにゃ。
MAY_0112.OGG,かしこまりましにゃんにゃん。
MAY_0113.OGG,R E N G こちらは電話レンジ です。
MAY_0114.OGG,こちらからタイマー操作ができます。
MAY_0115.OGG,シャープボタンを押した後、温めたい秒数をプッシュしてください。
MAY_0116.OGG,例えば一分ならシャープ六零。
MAY_0117.OGG,二分ならシャープ一二零です。
MAY_0118.OGG,ただいまー あー おなかすいたー。
MAY_0119.OGG,唐揚げ食べようっと、ジューシー唐揚げナンバーワン。
MAY_0120.OGG,おかり、バナナ買っといてくれた？ねえ、おかり。
MAY_0121.OGG,あれれ お客さん。
MAY_0122.OGG,マユシイです。よろしくね。
MAY_0123.OGG,へえ本当すごい女の子のラボメンだ。
MAY_0124.OGG,みんなも唐揚げ食べる一個ずつなら揚げてもいいよ。
MAY_0125.OGG,ああマヨシーのバナナが。
MAY_0126.OGG,ける花になってるよ。
MAY_0127.OGG,これマユシのなのに。
MAY_0128.OGG,もうどうしていつもマユシの食べ物で実験するの。
MAY_0129.OGG,あもしかしてこの唐揚げも実験してるのかな。
MAY_0130.OGG,おや。
MAY_0131.OGG,わあああ。
MAY_0132.OGG,お、お帰り。ええと、何が起きたのかな。
MAY_0133.OGG,うん、どこも痛くないから平気だと思うけど。
MAY_0134.OGG,えっ。
MAY_0135.OGG,ああ黒焦げだー！まゆしのからあげ。
MAY_0136.OGG,どうでもいいなんてあんまりだよ。えっと、クリスティーナちゃん。
MAY_0137.OGG,トゥトゥルー おはよう。
MAY_0138.OGG,うん二人が二日連続徹夜って聞いたからね差し入れ買ってきたよ。
MAY_0139.OGG,じゃーんおでん缶。
MAY_0140.OGG,マユシからのプレゼントだよ。一個二百七十円もするんだから大事に食べてね。
MAY_0141.OGG,さすがにしょっちゅうおごれるほどマユシーのポケットマネーは多くないのです。
MAY_0142.OGG,あとバナナや唐揚げはマユシーが大好きだから今後も続けます。
MAY_0143.OGG,あとね、他にもあるよ。うん、はい、じゃん。
MAY_0144.OGG,ライネットソーセージ。あのね、おまけでウーパのボトルキャップが付いてくるんだ。すごく欲しかったから買っちゃった。
MAY_0145.OGG,んでダルくんはどう？
MAY_0146.OGG,ダルくんのスーパーハッカー魂がメラメラバーニングしちゃったんだね。
MAY_0147.OGG,ピリピリしてる。
MAY_0148.OGG,でもハッキングって悪いことなんだよね。マユシはね、二人にそういうことしてほしくないな。
MAY_0149.OGG,悪いことは悪いことだよ。
MAY_0150.OGG,へえそれならうずら卵がいいな。
MAY_0151.OGG,まゆしいも鶉卵好きだもん。
MAY_0152.OGG,うん、わかったよ。さつま揚げよりはちくわだもんね。
MAY_0153.OGG,わあすごいねよくわかんないけど。
MAY_0154.OGG,どういうこと。
MAY_0155.OGG,日本語でオッケーだよ。
MAY_0156.OGG,だるくいちだね。
MAY_0157.OGG,なに。
MAY_0158.OGG,うわーまゆしは頭が痛くなってきました。
MAY_0159.OGG,あのね他人のメールを勝手に見るのってすごくごめんなさいって気持ちになる。
MAY_0160.OGG,おかりんって悪いんだ。まゆしは悲しいです。
MAY_0161.OGG,もうやめたほうがいいよ。
MAY_0162.OGG,ええ、なんの話？
MAY_0163.OGG,ああここからでも聞こえるよ。
MAY_0164.OGG,マヨシは悪だくみには参加しません。
MAY_0165.OGG,あのねマユシは全然わかんないよ。
MAY_0166.OGG,無理だよ。
MAY_0167.OGG,こす作りもあるしバイトもあるもん。
MAY_0168.OGG,また何か悪いことしようとしてる。
MAY_0169.OGG,オカリ待って待って。
MAY_0170.OGG,あううん違うよお昼ご飯を買ってこようかと思って。
MAY_0171.OGG,うんとどうしようかな。
MAY_0172.OGG,三本の牛丼もいいなあ。
MAY_0173.OGG,星に届かないかなって思って。
MAY_0174.OGG,あのねお昼でもお日様はそこにあるんだよ。
MAY_0175.OGG,へへへ、そうだね。
MAY_0176.OGG,そうそう、今空を見てて思ったんだけどね、まゆしいは今日のお昼はラーメンにします。
MAY_0177.OGG,てってるマユシです。
MAY_0178.OGG,おへ。
MAY_0179.OGG,おかりんおかーりん、あのね、まゆしはおかりんが何言ってるか全くついていけないよ。
MAY_0180.OGG,わかりにくい。
MAY_0181.OGG,ねえねえ今どこにいるの?
MAY_0182.OGG,たくさん子供中。
MAY_0183.OGG,へえあそっかそうなんだあでもでもまゆ氏はすごい話を聞いちゃったのです。
MAY_0184.OGG,聞きたい。
MAY_0185.OGG,じゃあメイクインに来て待ってるからね。
MAY_0186.OGG,あ、オカリ。
MAY_0187.OGG,マユシンはねお昼休憩でコンビニに行ってたのです。
MAY_0188.OGG,休憩って言ってもね、あと五分くらいしかないんだよ。
MAY_0189.OGG,その前にご飯ご飯。
MAY_0190.OGG,いいよ。
MAY_0191.OGG,はい、どうぞ。
MAY_0192.OGG,自覚。
MAY_0193.OGG,ああそうかあのねマヨシはあんまり深く考えてなかったよ。
MAY_0194.OGG,ああそうそうあのね I B N五千百の話なの。
MAY_0195.OGG,違うよあるわけないよ。
MAY_0196.OGG,あのねマユシはさっきバイト中に IBM五千百のことを思い出して店のみんなに聞いてみたんだ。
MAY_0197.OGG,最初はマッキーちゃんに聞いたんだけど、マッキーちゃんは pc には詳しくないんだって。
MAY_0198.OGG,それにねリサリサちゃんは PC は PC でも最近のしか知らなくてしかもマカだし。
MAY_0199.OGG,うん、えっとつまり、フェリスちゃんが知ってるっぽいよ。
MAY_0200.OGG,うん、あのね、レトロ PC マニアなんだって。
MAY_0201.OGG,あああ唐揚げ二個目はあげるって言ってないよ。
MAY_0202.OGG,からあげ。
MAY_0203.OGG,唐揚げ。
MAY_0204.OGG,まゆしはこの後もバイトだからそんなの無理だよ。
MAY_0205.OGG,フェリスちゃんすごく強いね。
MAY_0206.OGG,マユシはライネットの腕前、からきしだからね。すごく羨ましいよ。
MAY_0207.OGG,へえー オカリ今はねラインネットアクセスバトラーズはアキバどころか世界規模のブランドなんだよ。
MAY_0208.OGG,うんそれだからね強くなったらきっとちびっこたちの英雄になれるよ。
MAY_0209.OGG,それにね、ウーパがとっても可愛いの。
MAY_0210.OGG,フェリスちゃんはとっても忙しいから公式大会に出る暇もないんだけど、きっと世界でもトップレベルの腕前だと思うんだ。
MAY_0211.OGG,オカリ頑張れ。
MAY_0212.OGG,まゆしいはがっかりなのです。
MAY_0213.OGG,わー あかりすごいね。
MAY_0214.OGG,はーい、まゆしが確かな筋です。
MAY_0215.OGG,オカリ。
MAY_0216.OGG,ううん、えっとね、ちょっぴり抜けてきたの。この後はね、フェリスちゃんとごかんたんタイムだよ。
MAY_0217.OGG,それよりね、さっきの I B M 五千百の話だけど、フェリスちゃんにもう一度写真を見せて聞いてみたんだ。
MAY_0218.OGG,エリスちゃんが言うにはね、それは小学生になるかならないかの頃だったらしいんだけどね。
MAY_0219.OGG,秋なのにとても寒い日でフェリスちゃんはブルブル震えながら執事の黒木さんに手を繋がれて。
MAY_0220.OGG,えっとつまりねお父さんのレトロ PC コレクションの一つを神社に奉納したことがあるんだってその PC に似てるって言ってたよ。
MAY_0221.OGG,さあどこだろうね。
MAY_0222.OGG,情報。
MAY_0223.OGG,うん、おかりバイバイ。
MAY_0224.OGG,トゥトゥルーマユシイです。
MAY_0225.OGG,ああオカリナ。
MAY_0226.OGG,さっき電話したんだよ。
MAY_0227.OGG,あのねダル君に電話してみて。
MAY_0228.OGG,タル君は今日はメイクインに行ってるよ。だから電話してほしいの。そしたらね、わかるから。
MAY_0229.OGG,んじゃね。
MAY_0230.OGG,おかりおかり、悪いことはだめっていつも言ってるのに。
MAY_0231.OGG,見つけられたのはね、マユシのオテガラなんだよ。
MAY_0232.OGG,マユシ情報がなかったらオカリナは今もアキバの街をフラフラさまよってたんだもん。
MAY_0233.OGG,ということでマユシーはそろそろ帰るね。
MAY_0234.OGG,クリスチャンはどうする?途中まで一緒に帰ろ。
MAY_0235.OGG,うんそっかあんまり遅くならないうちに帰ったほうがいいよ。
MAY_0236.OGG,じゃあまた明日ねトゥトゥル。
MAY_0237.OGG,おかえりーおかえりー。あれれ、はるか君も一緒だ。
MAY_0238.OGG,なにこれ。
MAY_0239.OGG,そっかー だからルカ君が一緒なんだね。
MAY_0240.OGG,ああそうそう、あのね、ブラウン館工房にバイトさんが入ったんだって。鈴さんっていうの。
MAY_0241.OGG,えー そうなの。
MAY_0242.OGG,疲れたね。
MAY_0243.OGG,でもこのバナナまゆしいのだよ。
MAY_0244.OGG,えへへへへ、そうかな。ほかりんの役に立てたなら良かった。
MAY_0245.OGG,んじゃマユシイたちは先に帰るね。
MAY_0246.OGG,クリスチャンは帰らないの？よかったら駅まで一緒に行こうよ。
MAY_0247.OGG,そっか。じゃあまたね。トゥトゥルル。
MAY_0248.OGG,テテレー おはようー あれ あこんにちはー かな。
MAY_0249.OGG,うわーなんかねずずんっていう重い空気が漂ってるよ。
MAY_0250.OGG,空気入れ替えるね。
MAY_0251.OGG,エンタコ会議。
MAY_0252.OGG,マヨシーにもあるかな。
MAY_0253.OGG,そっか、よかった。でも、えんたくって何？
MAY_0254.OGG,悪いことは良くないよって言ったのに。
MAY_0255.OGG,そうだけど。
MAY_0256.OGG,ラグナロック。
MAY_0257.OGG,なんで確認できないの。
MAY_0258.OGG,マユシの唐揚げを温めるためのものだよね。
MAY_0259.OGG,ブラックホールができてるのここに。
MAY_0260.OGG,吸い込まれないかな。
MAY_0261.OGG,あのねメールって言うから混乱するんだと思うな。
MAY_0262.OGG,本物の紙飛行機にした手紙がピュンって飛んでいくイメージなんだよきっと。
MAY_0263.OGG,クリスチャンの言うとおりだと思うな。マユシーはそんな長い名前は覚えられません。
MAY_0264.OGG,そこってどういう意味。
MAY_0265.OGG,えクリスチャンマユシのことバカだと思ってるのかな。
MAY_0266.OGG,あっだってるー。まゆしも思いついたよ。
MAY_0267.OGG,あのね、バックトゥザメール、映画のタイトルとね、メールをくっつけてみました。
MAY_0268.OGG,意味とかじゃなくて映画のタイトルとメールをくっつけて。
MAY_0269.OGG,じゃあディメールに決定しまーす。
MAY_0270.OGG,マユシのバナナずいぶん減ったね。また買ってこなくちゃ。
MAY_0271.OGG,本当嬉しいな。
MAY_0272.OGG,オカリやダル君はねバナナ勝手に食べてもちっとも買ってきてくれないのです。
MAY_0273.OGG,クリスチャンクリスチャン痛いの痛いの飛んでけー。
MAY_0274.OGG,ゲル花になったね。
MAY_0275.OGG,ねえねえクリスちゃん、なんて送るの。
MAY_0276.OGG,うーん、どれどれ、岡部はズアンエアへ？
MAY_0277.OGG,マユシも見たよ。あのね、本当に一通だった。
MAY_0278.OGG,でもでもマユシーはねどうして五日前に届いたかの方が気になります。
MAY_0279.OGG,じゃあさじゃあさもっとじゃんじゃん送ってみようよ。
MAY_0280.OGG,マヨシーは。
MAY_0281.OGG,わああああ！オカリナ太っ腹だね！
MAY_0282.OGG,あー おかえりエッチ。
MAY_0283.OGG,ごめんねおカリ今マユシジが唐揚げを温めようとしたんだけどね。
MAY_0284.OGG,ついいつもの癖で逆回転させちゃって、ついでだから放電させてみたの。
MAY_0285.OGG,シャワーならここにもあるよ。バスタブはないんだけどね。シャワー室っていうのかな。オカリはいつもそこを使ってるよね。
MAY_0286.OGG,マユシも行ってみたいなあ。
MAY_0287.OGG,本当ありがとう。
MAY_0288.OGG,ねえねえオカリ前から不思議だったんだけどねご飯食べながらどうして炭酸ジュース飲めるのその組み合わせって美味しいのかな。
MAY_0289.OGG,へえ。
MAY_0290.OGG,そんなんみんながおかしいんだよ。
MAY_0291.OGG,ねえねえ。
MAY_0292.OGG,あのね、唐揚げやバナナはゲル揚げとかゲルバナになっちゃって、でもお塩はゲル塩にはならなかったんだよね。
MAY_0293.OGG,んで D メールは十八文字まではちゃんと送れて十九文字以上は消えちゃうんだよね。
MAY_0294.OGG,きっとね大きなものとかたくさんは送れないんじゃないかな。
MAY_0295.OGG,あもしかしてもしかしてそのガーブブラックホールが。
MAY_0296.OGG,カーブブラックホールが。
MAY_0297.OGG,ブラックホールの穴がきついんだよ。
MAY_0298.OGG,穴がきついの。
MAY_0299.OGG,よくわかんないよ。
MAY_0300.OGG,スライムになって帰ってきた騎士さんたちがジェリーマンなんだね。
MAY_0301.OGG,なるほどー。すごく分かりやすかったよ。
MAY_0302.OGG,マユシは役に立ったかな。
MAY_0303.OGG,よかった。
MAY_0304.OGG,過去にメールを送れるってすごいことだよね。
MAY_0305.OGG,靴脱がなきゃ汚れちゃうよ。
MAY_0306.OGG,でもクリスチャンってタイムマシンなんてないやいってこの前は言ってたよ。今はあるって認めてるんだね。
MAY_0307.OGG,マヨシーはもうすぐバイトなのです。
MAY_0308.OGG,出てるおはよう。
MAY_0309.OGG,あっおカリいタイムマシン実験する前にマユシンに唐揚げ温めさせてほしいなあ。
MAY_0310.OGG,ああこれじゃもう唐揚げ温められないよ。
MAY_0311.OGG,オーボーだよ。じゃあオカに新しく電子レンジ買ってきてよ。
MAY_0312.OGG,でもまた店長さんに怒られないかな。
MAY_0313.OGG,ムキムキだもんね。
MAY_0314.OGG,セカンドエードエドションバーゼロション？
MAY_0315.OGG,実践的か。朝に届くようにして、おはようかりんってちゃんと見てもらえるようにするんだね。
MAY_0316.OGG,ええチラシの裏じゃおかりに届かないよ。
MAY_0317.OGG,大丈夫だよ。オカリナね、本当はとってもいい人なんだから。
MAY_0318.OGG,ねえねえ、それじゃあ実践的な使い方ってどんな使い方なのかな。
MAY_0319.OGG,ねえねえ。
MAY_0320.OGG,おかりんおかりんあのねマユシはよくわかんないんだけど過去を変えるって何をどう変えるの？
MAY_0321.OGG,現金だなあおカリ。まゆしは悲しいです。
MAY_0322.OGG,もっとね、世界が平和になる方法とかを考えるべきじゃないかな。
MAY_0323.OGG,例えばね、世界中の全ての人がウーパークッションを持っているようにするとか。
MAY_0324.OGG,ええ、とトラックの荷台山盛り。
MAY_0325.OGG,うん？
MAY_0326.OGG,んじゃあいつも買ってるジューシー唐揚げナンバーワンを若鶏一口唐揚げに変えてみるとかかな。
MAY_0327.OGG,へえ。
MAY_0328.OGG,まずは宝くじを買ってこなくちゃ。
MAY_0329.OGG,ああそれねこの間テレビの cm で見たよ。
MAY_0330.OGG,あのねマユシーはそもそも宝くじの買い方知らないな。
MAY_0331.OGG,オカリナ買ったことあるの？
MAY_0332.OGG,このあたり番号をディメールで送るの。
MAY_0333.OGG,じゃあマユシが当選したことにすればいいんじゃないかな。
MAY_0334.OGG,えっとね七十万円だとバナナはトラックの荷台山盛りになるかな。
MAY_0335.OGG,えーと一七零シャープと。
MAY_0336.OGG,なんだかとっても胡散臭いね。へへへ。
MAY_0337.OGG,大丈夫だよ。むしろね、おかりんはうさんくさいものが大好きだから、ぴったりだと思うな。
MAY_0338.OGG,オカリナの口癖なんだよね。
MAY_0339.OGG,おかり、どうかした？
MAY_0340.OGG,大丈夫。
MAY_0341.OGG,えっどういうこと？
MAY_0342.OGG,うん、三十秒ぐらいじゃないかな。
MAY_0343.OGG,うん、急に電話レンジちゃんのところに歩いて行ったかと思ったら、携帯を取り出してね、すごくはあはあ言い始めて。
MAY_0344.OGG,へえ、すごくはあはあ言い始めて。
MAY_0345.OGG,はあはあ。
MAY_0346.OGG,ええ？なんのこと？
MAY_0347.OGG,トラックの荷台誰が満杯にするの?
MAY_0348.OGG,どんな内容を送れば過去が変わったか分かるだろうねって。
MAY_0349.OGG,でもそんなの現金だってマヨシは思うな。
MAY_0350.OGG,ああ現金は現金でもね幸一さんいいっぱいっていう意味じゃなくて。
MAY_0351.OGG,本当良かった。でね、現金だから、もっと世界が平和になりますようにみたいなのにしようよ。
MAY_0352.OGG,例えばね、世界中の全ての人がウーパクションを持っているようにするととっても幸せだと思うよ。
MAY_0353.OGG,あ、ルカくんだ。いらっしゃい。
MAY_0354.OGG,るかくんマユシのコス着てくれる気になったの？だったら嬉しいな。
MAY_0355.OGG,おかリー ルカ君をいじめちゃだめだよ。
MAY_0356.OGG,わあじゃあおかりんは超能力者だね。
MAY_0357.OGG,ねえねえ、それよりおかり大丈夫かな。
MAY_0358.OGG,お帰り。あのね、明日バナナ買ってきてあげるね。
MAY_0359.OGG,だからね今はその子をむぎゅっと抱きしめて元気出してね。
MAY_0360.OGG,トゥトゥルー おかりおかり。
MAY_0361.OGG,ああ、うん、わかった。
MAY_0362.OGG,でね、オカリも元気になったかなって思って、ちゃんとウーパをむぎゅってした？
MAY_0363.OGG,そっか。あのね、何か悩みがあったらまゆしんに相談するんだよ。まゆしんはね、難しい話はよくわかんないけど、おかりんのことはよくわかってるもん。
MAY_0364.OGG,わかるよ。子供の頃から一緒だもん。へへ。
MAY_0365.OGG,うんありがとうじゃあね。
MAY_0366.OGG,おカリ、おはよう。
MAY_0367.OGG,ねえちゃんおはよう。
MAY_0368.OGG,なえちゃんにこれあげる。はい、どうぞ。
MAY_0369.OGG,はい、おかりにも。
MAY_0370.OGG,そこに座って何してるの。
MAY_0371.OGG,違うよなえちゃん。あのね、オカリナはきっとなんか難しいことを考えてるんだよ。
MAY_0372.OGG,オカリオカリこの時間だと電話レンジちゃんはビリビリしないんだよね。
MAY_0373.OGG,じゃあね、焼きそばパンをチンしてもいいかな。
MAY_0374.OGG,ああ、そうだった。がっかりだよ。
MAY_0375.OGG,ちなみにね、オカリは朝ごはん食べた？
MAY_0376.OGG,だったら一緒に食べる焼きそばパンは冷たいまま食べるとしてラーメン缶なら湯煎で温められるし。
MAY_0377.OGG,なえちゃんも食べる。
MAY_0378.OGG,そっか。
MAY_0379.OGG,タル君とクリスちゃんまだ来ないのかな。
MAY_0380.OGG,出てる、すずさん。
MAY_0381.OGG,ああクリスチャンだ。
MAY_0382.OGG,クリスチャン、トゥトゥル。
MAY_0383.OGG,みんな仲良くいられる方がね、まゆしいはいいな。
MAY_0384.OGG,諦めたらそこで試合終了だよ。
MAY_0385.OGG,ええ、まゆし変えてもいいの？
MAY_0386.OGG,でもね、過去を変えるって何を変えればいいのかな。
MAY_0387.OGG,あ、それじゃあね。こういうのはどうかな。羽賀君にマユシーのコスを着てもらえるように格好を変えるの。
MAY_0388.OGG,ルカ君にメールを送るとかだよへへへ。
MAY_0389.OGG,うん。
MAY_0390.OGG,わあそれねすごくいいかも。
MAY_0391.OGG,今日もね自動販売機の前で十分くらい迷っちゃったんだよ。おでん缶にしようかなラーメン缶にしようかなって。
MAY_0392.OGG,うんわかった。じゃあ過去を変える前にラーメン全部食べとかないと。
MAY_0393.OGG,もったいないもん。
MAY_0394.OGG,ああメールまだ送れてないよ。
MAY_0395.OGG,えっ、うんと、うんじゃあ昨日買ったおにぎりの具を違うものにするとか。
MAY_0396.OGG,お母か。
MAY_0397.OGG,だからね、おかかをうんと明太子にしようよ。
MAY_0398.OGG,いいと思います。萌花さんもラブ面だもんね。
MAY_0399.OGG,でもでも女の子にはね秘密がいっぱいあるのです。
MAY_0400.OGG,誰にも言えない秘密をね、自分だけに教えろげーって言ってるのと同じだよ。
MAY_0401.OGG,へえそうなのマユシはねさっきそんな覚悟せずに送ろうとしてたよ。
MAY_0402.OGG,ごめんねクリスちゃん。
MAY_0403.OGG,萌香さん、無理しないでね。
MAY_0404.OGG,ジー ジー ゼロ一。
MAY_0405.OGG,ねえねえどうして萌香さんのことシヤツシって呼ぶの。
MAY_0406.OGG,萌香さんはね、萌香さんだからだよ。それにね、しやつしさんじゃなくて編集プロダクションで働いてて。
MAY_0407.OGG,うううううううん。
MAY_0408.OGG,誰？
MAY_0409.OGG,オカリ大丈夫顔真っ青だよ。
MAY_0410.OGG,あのねマユシはよくわかんないけど。
MAY_0411.OGG,今もマユシイやオカリんたちがちゃんとこうしておしゃべりできてるっていうことはね、きっとそのパラドックスは起きてないんだよ。
MAY_0412.OGG,萌香さんっていう人もね、マユシーは知らないけど、きっと大丈夫。
MAY_0413.OGG,ええっマヨしいはアホの子じゃないよ。
MAY_0414.OGG,おっオカリ大丈夫?
MAY_0415.OGG,でもオカリすごく苦しそうだよ。
MAY_0416.OGG,お帰り。苦しいの。
MAY_0417.OGG,うん？
MAY_0418.OGG,うん。
MAY_0419.OGG,でもねこの場所ってとっても便利だよね。マユシーもお父さんお母さんが許してくれるならここに泊まりたいよ。
MAY_0420.OGG,そしたらバイトに行くのもすぐだもん。ねえねえクリスちゃん、今度みんなでお泊り会いしよう。
MAY_0421.OGG,ああそういえばそんな約束してたもんね。じゃあ今度お邪魔するね。
MAY_0422.OGG,ねえ、オカリ。
MAY_0423.OGG,おかリンって小学生の頃、すごい熱を出して一ヶ月ぐらい寝込んでたことがあったよね。
MAY_0424.OGG,あの時ねマユシイはオカリが死んじゃうんじゃないかって思ってすごく怖かったんだよ。
MAY_0425.OGG,だからね、おばあちゃんと一緒に、お空に祈ってたの。おかり死なないでって。
MAY_0426.OGG,へえそうだったんだ。オカリナってすごいんだね。
MAY_0427.OGG,でもね、まだちっちゃかったマユシーはそのことが分からなかったから、お空に祈ってて。
MAY_0428.OGG,でね大晦日もうすぐ年が明けるっていう時にね流れ星がピュって流れたの今みたいに。
MAY_0429.OGG,流れ星はね、消える前に三回願い事を唱えることができたら、願いが叶うんだよ。知ってたかな？
MAY_0430.OGG,もちろんまゆしいは一生懸命三回唱えたの。
MAY_0431.OGG,次の日年が明けた頃にね、おかりんは熱が下がって目を覚ましたのです。
MAY_0432.OGG,つまりマヨシはオカリの命の恩人なんだよ。
MAY_0433.OGG,へえ、そうなの。
MAY_0434.OGG,そっかあ。
MAY_0435.OGG,ねえねえ、熱が下がった時ね、オカリはこんなことを言ってたんだけど、覚えてる？
MAY_0436.OGG,急に見ているものがくにゃくにゃしてきて、立っていられなくてフラフラして、んで体がビクってなったって。
MAY_0437.OGG,さっきのオカリもね、そんな感じだったよ。
MAY_0438.OGG,大丈夫また熱出して倒れたりしない。
MAY_0439.OGG,ルカ君ならね、大歓迎だよ。
MAY_0440.OGG,でもね、ルカ君をラボメンにするなら、マユシーはオカリに一つ条件があるので、ルカ君をいじめないことっていう条件。
MAY_0441.OGG,それとルカ君はね、今日はマユシーのお客様なんだよ。衣装合わせに来たんだから、邪魔しちゃダメなのです。
MAY_0442.OGG,うんサイズが合ってるかどうかの確認だけだよ。
MAY_0443.OGG,じゃあ。
MAY_0444.OGG,えっとね、ライネットのキラリちゃんだよ。
MAY_0445.OGG,とりあえず完成度は七十パーセントってところなんだけどね。今この場でルカ君に試着してほしいんだ。
MAY_0446.OGG,お願い。
MAY_0447.OGG,そうだよきっとねとっても可愛くなるよ。
MAY_0448.OGG,さあさあさあ、ルカくん変身しよう変身。
MAY_0449.OGG,ほらー、恥ずかしがってないで服を脱ぎ脱ぎして。
MAY_0450.OGG,でもねこれ着るのにコツがいるんだ。だからまゆしが一から十までちゃんと教えてあげる。
MAY_0451.OGG,ルーカくん、ほら、恥ずかしがらずに出てきてよ。
MAY_0452.OGG,ルカ君。
MAY_0453.OGG,あああああ！まゆしは感動だよ。やっとルカ君に来てもらえた。
MAY_0454.OGG,あのね可愛いは正義なんだよ。
MAY_0455.OGG,おかりんの感想はどうかな。
MAY_0456.OGG,えー キラリちゃんは刀は持たないよ。むしろね、ウーパを持つとぴったりだよ。
MAY_0457.OGG,クリスチャン、トゥトゥル。
MAY_0458.OGG,クリスチャンどうかなこのコス、ルカ君にすごく似合ってるって思うでしょ？
MAY_0459.OGG,マユシの願い事はね、美味しい物をお腹いっぱい食べることと、ウーパグッズでラボを埋め尽くすことと、ルカ君にコスを着てもらうこと。
MAY_0460.OGG,へえ、マユシのお願いも初対面ザゲートに後押ししてほしいよ。
MAY_0461.OGG,クリスちゃんも可愛いよ。
MAY_0462.OGG,あうん、ルカくんかわいいね。
MAY_0463.OGG,へえ知らなかった。じゃあマユシのママもクリスチャンのママもたくさんお野菜食べたんだね。
MAY_0464.OGG,まゆしいはジューシー唐揚げナンバーワンばっかり食べてるから、将来子供を産むときは男の子なのかな。
MAY_0465.OGG,ねえねえ、バナナはお野菜に含まれると思う。
MAY_0466.OGG,電話レンジちゃん、チーンってしたら男の子か女の子かわかるの？
MAY_0467.OGG,うんとルカ君が女の子になっちゃったらね今度からはルカちゃんって呼ばないとだめだね。
MAY_0468.OGG,ルカちゃんはマユシのコス着てくれる。
MAY_0469.OGG,そうだったの。言ってくれればよかったのに。
MAY_0470.OGG,そんなこと気にしなくていいんだよ。だってね、まゆしもさっぱりだもん。
MAY_0471.OGG,そうだよマユシと同じ年なのです。それがどうしたの？
MAY_0472.OGG,ああ、そっか。
MAY_0473.OGG,だったらだったら手紙をタイムカプセルに入れて埋めるっていうのは。
MAY_0474.OGG,そっか。
MAY_0475.OGG,じゃあクリスチャンのナイスアイデアにマユシは期待です。
MAY_0476.OGG,ああよかったねルカくん。
MAY_0477.OGG,どうして八三一なの。
MAY_0478.OGG,だったらだったら二九二九二九二九っていうのは。
MAY_0479.OGG,にこにこにこにこ。
MAY_0480.OGG,違うよ。それだけ肉肉って連呼されたらね、逆にお肉見るのも嫌になって、野菜を食べようって気になるかもしれないよ。
MAY_0481.OGG,じゃあ早速撃ってみようよ。
MAY_0482.OGG,失敗って何が？
MAY_0483.OGG,あうんいいよサイズはバッチリだったから完成したらまた来てね。
MAY_0484.OGG,えー、夜鍋って何?夜にお鍋を食べるの?
MAY_0485.OGG,ちなみにね、マユシーはコスでお金は取らない主義なのです。
MAY_0486.OGG,趣味は趣味のままがいいもん。それにね、自分の作ったコスを誰かに着てもらうだけで幸せなんだ。
MAY_0487.OGG,それは無理だよ。
MAY_0488.OGG,うんマヨシーはとりあえずねこのラボでのんびりやっていきたいな。
MAY_0489.OGG,ねえねえオカリナボメン六人になったね。こんなに増えるなんてね、マユシは思ってもなかったよ。
MAY_0490.OGG,マユシイが人質になった甲斐があったかも。
MAY_0491.OGG,そういう言い方は良くないと思うな。それにね、まゆしいはママとさせられてないよ。
MAY_0492.OGG,ねえ、オカリ。
MAY_0493.OGG,オカリナこれからもマユシイのこと人質にしておいてくれる。
MAY_0494.OGG,うん。
MAY_0495.OGG,痛いかも。
MAY_0496.OGG,うん？
MAY_0497.OGG,だって人質でいればね、まゆしいは寂しくないし、おかわりも寂しくないから。へへ。
MAY_0498.OGG,ああそろそろマユシは帰るね。
MAY_0499.OGG,うん？
MAY_0500.OGG,本当どうしたの？
MAY_0501.OGG,じゃあね、えっとキッチン次郎がいいな。
MAY_0502.OGG,あそこのメンチカツはね神なのです。
MAY_0503.OGG,わーいオカリナ大好きマユシェはとっても幸せだよ。
MAY_0504.OGG,クリスちゃんはね、本当はとっても素直で真面目な女の子なんだってまゆしは思うな。
MAY_0505.OGG,そんなクリスチャンがね、マユシはとっても愛おしいのです。
MAY_0506.OGG,はい、クリスチャンにナゲット一個あげるね。
MAY_0507.OGG,二人ともパンツパンツ言うの禁止。マユシーは食事中なんだよ。
MAY_0508.OGG,違うよクリスチャン。あのね、この前おかリンが言ってたけど、円卓はみんなの心の中にあるんだって。
MAY_0509.OGG,そうなの？
MAY_0510.OGG,ゲルオカリナになっちゃうね。
MAY_0511.OGG,電波が届かないところにいますってなるんじゃないかなってまゆしは思います。
MAY_0512.OGG,なんだかマユシは怖いよ。
MAY_0513.OGG,これ。
MAY_0514.OGG,いら。
MAY_0515.OGG,クリスちゃん、あのね、オカリンの幼なじみとして教えてあげると、オカリンのしゃべり方はね、そのうち慣れちゃうよ。
MAY_0516.OGG,それってすごいの。
MAY_0517.OGG,そんなの知らないよ。
MAY_0518.OGG,ええと、最初に電話レンジちゃんがタイムマシンだって気づくきっかけになったメールだよね。
MAY_0519.OGG,ロトシックスの当たり番号を書いて送ったんだっけ。ルカちゃんがその番号を買ったけど結局当たらなかったやつ。
MAY_0520.OGG,それぐらいじゃないかな。
MAY_0521.OGG,ああマユシはなんだか頭がこんがらがってきちゃったのです。
MAY_0522.OGG,わあ。
MAY_0523.OGG,オカリも食べる?おいしいよ。
MAY_0524.OGG,フェリスちゃんに用事があるの。今日お店に出てるかな。
MAY_0525.OGG,うん、いいよ。
MAY_0526.OGG,ああフェリスちゃんこんにちはにゃんにゃんまゆしいにゃん。
MAY_0527.OGG,休みなのにごめんね。あのね、オカリがフェリスちゃんとお話ししたいことがあるんだって。変わってもいいかな。
MAY_0528.OGG,えー オカリはオカリんだよ。
MAY_0529.OGG,うん？京馬？京馬って誰？
MAY_0530.OGG,とにかく変わるね。
MAY_0531.OGG,はい、オカリ。
MAY_0532.OGG,だってね、まゆしはフェリスちゃんのおうち遊びに行ったことないんだもん。
MAY_0533.OGG,一度ね、行きたいなって思ってたんだ。
MAY_0534.OGG,どうしたの？
MAY_0535.OGG,前から思ってたんだけど。
MAY_0536.OGG,萌香さんって綺麗な人だよね。スタイルも抜群だし、背も高いし。
MAY_0537.OGG,コスプレさせたら映えそうだな。へへ。
MAY_0538.OGG,知ってるよ。
MAY_0539.OGG,ああああああ。
MAY_0540.OGG,オカリナ連れてきたよ。
MAY_0541.OGG,ねえねえお帰りそれよりそろそろフェリスちゃんのお家に行かないとねきっと待ちくたびれてるよ。
MAY_0542.OGG,えっとね、マユシが教えちゃってもいいのかな。
MAY_0543.OGG,ああ、そっか、そうだよね。
MAY_0544.OGG,その代わりね、他の人には内緒だよ。例えばメイクインに来るご主人様たちとか。
MAY_0545.OGG,あのねフェリスちゃんの本名は秋原美穂ちゃんっていうんだ。
MAY_0546.OGG,あー すごい。
MAY_0547.OGG,とりあえず入ってみようよ。
MAY_0548.OGG,り、リアル羊さんだ。
MAY_0549.OGG,フェリスちゃんこんにちはにゃんにゃん。
MAY_0550.OGG,そっかー。だから秋葉さんなんだね。
MAY_0551.OGG,わー すごい。
MAY_0552.OGG,マユシもね、フェリスちゃんのファンだよ。フェリスちゃんのメイドさん魂はとってもすごいんだもん。憧れちゃうよ。
MAY_0553.OGG,あのね、マユシイたちのサークルの仲間になるっていうことだよ。マユシイ的にはね、メリーちゃんがラブ面になってくれるのはとっても嬉しいな。
MAY_0554.OGG,あわわ、どうしよう。まゆしは血のめい薬も猟薬も飲んでないよ。ということはまゆしはラブめんじゃないのかな。
MAY_0555.OGG,そっかあ。いつもの癖なら仕方ないね。でも良かった。
MAY_0556.OGG,いや。
MAY_0557.OGG,そうだったんだ。
MAY_0558.OGG,おかりおかり、ペリスちゃんが喜んでくれて良かったね。
MAY_0559.OGG,へえ。
MAY_0560.OGG,ああ。
MAY_0561.OGG,えっとということはね、八万六千秒も動かし続けないとダメなの？
MAY_0562.OGG,電話レンジちゃん疲れちゃうんじゃないかな。
MAY_0563.OGG,オカリ、あのね、きっとプライベートな内容だから、制作するのは良くないと思うんだ。
MAY_0564.OGG,わあわあまたウイルスカード。
MAY_0565.OGG,はあああ、リンクカードは三枚取られたでしょ？ウイルスカードは三枚取っちゃったでしょ？
MAY_0566.OGG,まゆしはね、絶体絶命なのです。
MAY_0567.OGG,はーん。
MAY_0568.OGG,ね、ねえ、いって、その、できれば二点三点くらい待ってほしいにゃん。だめかにゃん。
MAY_0569.OGG,そんな。
MAY_0570.OGG,はあやっぱりフェリスちゃんは強いね。
MAY_0571.OGG,パパ。
MAY_0572.OGG,あのね決勝戦はラボのみんなで応援に行くね。
MAY_0573.OGG,フェリスちゃんのパパさんって社長さんなんだよね。すごいなあ。
MAY_0574.OGG,それじゃあマユシイたちはこれでバイバイさせてもらうね。
MAY_0575.OGG,ダルくん、フェリスちゃんを困らせたらダメなんだよ。
MAY_0576.OGG,ほら、オカリも帰ろう。
MAY_0577.OGG,ああオカリあのねマユシーはこれからお家に帰るんだけど中野に寄っていこうと思って。
MAY_0578.OGG,えーごめんねでもね中野に行かなきゃって考えてたらねそのことで頭がいっぱいになっちゃったのです。
MAY_0579.OGG,あのね昨日アイソードの同人誌が出たんだ。
MAY_0580.OGG,うんうん、でもね、エシィさんはこうがゆいさんなんだよ。まゆしいは久々に本気出さなきゃって思って。
MAY_0581.OGG,うんそうだよ。
MAY_0582.OGG,わかったー。
MAY_0583.OGG,目の前ってどこ？
MAY_0584.OGG,秋葉には虎の穴もアニメイトもないよ。だからまゆしは中野まで同人誌を買いに行くのです。
MAY_0585.OGG,ないよ。
MAY_0586.OGG,アキバ王で同人誌が売ってるの?
MAY_0587.OGG,メイクインって何かな？じゃがいも？
MAY_0588.OGG,マユシがバイトしてるのはルモアンドだよ。
MAY_0589.OGG,ううん、普通の喫茶店。
MAY_0590.OGG,お帰りおはよう。
MAY_0591.OGG,昨日ね中野に同人誌を買いに行くって言ったでしょ。その時にねとっても可愛いレイヤーさんの同人写真集を見つけたんだ。
MAY_0592.OGG,だからね、つい衝動買いしちゃったの。
MAY_0593.OGG,ほら見てるかちゃん。これブラチューのセドナコスだよ。作り込みすっごいなあ。すごく可愛いよね。
MAY_0594.OGG,ねえねえクリスちゃんも見てみてよ感動しちゃうんだから。
MAY_0595.OGG,わあ次のページからは水着だあすごい露出度高いなスタイルもすごくいいしグラビアアイドルみたい。
MAY_0596.OGG,憧れてるの水着に。
MAY_0597.OGG,でもねでもねルカちゃんはきっと大きなお友達からはハァハァ言われちゃうよ。
MAY_0598.OGG,あのね貧乳は正義なのだからね胸なんてなくても自信持っていいんだよ。
MAY_0599.OGG,そうだ！小見間が終わったら一緒に海に遊びに行こうよ。せっかく夏なんだしね。まゆしいもずっとこす作りしてて、夏休みはちっとも遊べてないもん。
MAY_0600.OGG,ねえねえ、オカリ、クリスちゃん、どうかな？ラボメンのみんなで海。
MAY_0601.OGG,そうだよ。オカリそういうこと言うのはね、マユシス好きじゃないな。
MAY_0602.OGG,そうだよルカちゃんは女の子なのにオカリひどいよ。
MAY_0603.OGG,あああ。
MAY_0604.OGG,シュレディンガー。
MAY_0605.OGG,そうだよ邪魔するのはね良くないと思うな。
MAY_0606.OGG,それよりもどんな結果になっても温かく迎えてあげようよ。そのためにもね、まゆしは買い出しを張り切っちゃうつもりです。
MAY_0607.OGG,すずさんはね、とってもいい人だから、ルカちゃんもすぐに仲良くなれるよ。
MAY_0608.OGG,あれれダルくんがいるよ。
MAY_0609.OGG,フェリスちゃんは来られないって言ってたけど。
MAY_0610.OGG,ドッドッドドドン、ドン、ドッドドドン。
MAY_0611.OGG,うん。
MAY_0612.OGG,おかりい鈴さんには会えた。
MAY_0613.OGG,そっか。
MAY_0614.OGG,誰に何て送るの?
MAY_0615.OGG,おかり見つけた。
MAY_0616.OGG,ここはね、七千万年前の地球だよ。
MAY_0617.OGG,オカリナは陰謀に巻き込まれてタイムマシンでここに送られちゃったんだ。
MAY_0618.OGG,マヨシはね、オカリを追いかけて、たくさんたくさんたくさんの世界線のすべてのオカリを探し続けてきたのです。
MAY_0619.OGG,ここにいるオカリナもたくさんいるオカリナのうちの一人って言えるし、オリジナルでもあるって言えるの。
MAY_0620.OGG,ここにいるマユシーもたくさんいるマユシーのうちの一人って言えるし、オリジナルでもあるって言えるの。
MAY_0621.OGG,でね、オカリナもマユシイもここで死んじゃうと思う。
MAY_0622.OGG,でも。
MAY_0623.OGG,きっと七千万年後の秋葉原にいるオカリナとマユシマで意思は連続していくんだって思うな。
MAY_0624.OGG,だから大丈夫だよ。
MAY_0625.OGG,まゆしもウーパーとお友達になりたいな。
MAY_0626.OGG,トトロまゆしいです。
MAY_0627.OGG,ああフェリスちゃんおはようにゃ。
MAY_0628.OGG,京馬？ああ、オカリナことでしょう？うん、いるけど変わる？
MAY_0629.OGG,あれれなんかね出られないみたいだよ。
MAY_0630.OGG,うん。うん。
MAY_0631.OGG,わかった。伝えとくね。バイバイ。
MAY_0632.OGG,あのね四天王が秋葉に集結したから気をつけろって。
MAY_0633.OGG,うんうん。あとね、I B M の五千百はまだ見つかってないんだって。もし見つかったらまた連絡するにゃんって言ってたよ。
MAY_0634.OGG,わあすごいよダルくん。
MAY_0635.OGG,L H C ってあの二十キロ以上ある大きなトンネルでしょ？結局何をするトンネルなんだっけ？
MAY_0636.OGG,あそうそうミニブラックホールを作れるんだよね。
MAY_0637.OGG,へえー。
MAY_0638.OGG,ハドロン。
MAY_0639.OGG,どういうこと。
MAY_0640.OGG,あのねさっきのオカリやクリスちゃんの話を思い出してたの。
MAY_0641.OGG,思い出してね。なんとか頑張って理解しようと思ったんだけどダメだったよ。ひひ。
MAY_0642.OGG,ただねなんとなくわかるのはすごいことになってるみたいっていうことかな。
MAY_0643.OGG,眩しいなあ。
MAY_0644.OGG,おかりんもクリスチャンもキラキラ輝いてて。
MAY_0645.OGG,あのねクリスちゃんが入ってきてからそろそろ十日ぐらいでしょその間マヨシーが感じたこと言っていい。
MAY_0646.OGG,クリスチャンがラボ面になってね。なんだかラボの空気がビシッと引き締まった感じがするんだ。
MAY_0647.OGG,だからね、眩しいの。
MAY_0648.OGG,クリスチャンはラボとオカリにとってすっごく役に立ってるでしょ。
MAY_0649.OGG,でもね、マユシはあんまりオカリの役に立ててないのです。
MAY_0650.OGG,まゆしいももっと頭が良かったらな。そしたらおかりんの役に立てたのにね。
MAY_0651.OGG,このラボを作ったばっかりの頃、ダルくんもいない頃にね、よくこうして二人で静かに過ごしてたよね。
MAY_0652.OGG,マユシーはこれからもここにいてもいいのかな。
MAY_0653.OGG,いるだけ。
MAY_0654.OGG,うんと褒められてるのかな。
MAY_0655.OGG,そっかー ありがとうほかり。
MAY_0656.OGG,お腹空いちゃった。おでんかあっためよっと。おか凛も食べる？
MAY_0657.OGG,じゃあちょっと待っててね。
MAY_0658.OGG,うんわかった気をつけるね。
MAY_0659.OGG,でねオカリ、タイムリープとタイムトラベルってどう違うの？
MAY_0660.OGG,うーん、そっか。
MAY_0661.OGG,あのね、じゃあ、D メールとタイムリープだと、できることってどう違うのかな？
MAY_0662.OGG,えっと、例えば作りかけのコスを持って一週間前へ行ける。ゴミママでの時間を一週間分稼げて、マユシ大勝利みたいなこと。
MAY_0663.OGG,うんじゃあマヨシーの意識は一週間前のマヨシーの中に入っちゃうってこと？
MAY_0664.OGG,物は持っていけないけど記憶は持っていけるんだね。そっか。
MAY_0665.OGG,でもでもそしたら一週間前のマユシの中にあったマユシの記憶はどこにいっちゃうのかな。
MAY_0666.OGG,消えちゃうってこと。
MAY_0667.OGG,じゃあね、じゃあね。一週間前のマユシーンに記憶を飛ばしたら、今のマユシーンの体はどうなっちゃうんだろう。
MAY_0668.OGG,マユシが一週間前に記憶をビュンって飛ばしても、オカリナはここにいるんだよね。オカリナから見ると意識が飛んでったマユシはどうなっちゃってるのかな。
MAY_0669.OGG,じゃあタイムリープする前の最初の一週間を過ごしたまゆしーはタイムリープしてその一週間を繰り返したまゆしーに消されちゃうの？
MAY_0670.OGG,じゃあねじゃあね。
MAY_0671.OGG,もしも一週間前に戻ったまゆしいが一週間後の今日ラボには来なくて学校のお友達と池袋で遊ぶことにしたらどうなるのかな。
MAY_0672.OGG,今はマユシイはこうしてオカリんとお話してるけど。
MAY_0673.OGG,ふうん、それを香りは気づかないんだよね。
MAY_0674.OGG,だとしたらね、なんだか寂しいね。
MAY_0675.OGG,ううん、まゆしいが。
MAY_0676.OGG,だからクリスチャンは過去を変えたくないって言ってたのかも。
MAY_0677.OGG,あねえねえねえタイムリープは未来には飛べないのかな。
MAY_0678.OGG,わかんないよ。
MAY_0679.OGG,そっかー。じゃあまゆしぃが小学生の頃へも飛べないんだね。その頃は携帯持ってないもん。
MAY_0680.OGG,うん、それにね、おばあちゃんにも会えるかもって思ったんだ。
MAY_0681.OGG,うん残念は残念だけどねどうしても会いたかったわけじゃないよ。
MAY_0682.OGG,おばあちゃんの言葉とかね、笑顔とか、まゆしいの頭を撫でてくれたシワシワの手とかね、まゆしいは今でもちゃんと覚えてるもん。
MAY_0683.OGG,だからね、わざわざ会わなくても平気なの。
MAY_0684.OGG,それよりもね、その頃のあかりにもう一度会ってみたいなって思って、えへへ。
MAY_0685.OGG,会いたいのはホウインなんとかじゃなくてオカリナだよ。
MAY_0686.OGG,えーそんなことないよマヨシもちゃんと成長してるもん。
MAY_0687.OGG,そんなことないのです。まゆしいはちゃんと大人の階段を上ろうとしているのです。
MAY_0688.OGG,それよりもねえ、オカリナの方が当時から止まったままだと思うなあ。
MAY_0689.OGG,バイトルモアヌのこと。
MAY_0690.OGG,あのねコミマ前だからお休みもらってるんだよ。
MAY_0691.OGG,頑張ってコスを作らなくちゃ。
MAY_0692.OGG,三着。えっとね、楓ちゃんと吹雪ちゃんの分、でもってルカちゃんの分。
MAY_0693.OGG,あ、萌子さんだ。
MAY_0694.OGG,トゥトゥルー モエカさんここで何してるの？
MAY_0695.OGG,すごいんだよ。あのね、今度はね、タイムリープができるようになるかもしれないんだって。
MAY_0696.OGG,オカリオカリーンその説明はねすごく回りくどくてマユシにはさっぱりなのです。
MAY_0697.OGG,あのね、オカリが思いついてクリスチャンができるって言って、ダルくんはお手伝い中で、マユシーはオカリと買い出しなんだよ。
MAY_0698.OGG,萌子さん大丈夫調子悪いの？
MAY_0699.OGG,おかりんは誰と戦ってるの?
MAY_0700.OGG,へえすごいね。でもね、危ないことはしちゃダメだからね。
MAY_0701.OGG,萌香さんどうしたのかな。
MAY_0702.OGG,わあおかりまでおかしくなっちゃった。
MAY_0703.OGG,まゆしは心配です。
MAY_0704.OGG,はあああ。
MAY_0705.OGG,うん大丈夫だよ。あのねまゆしいは今日はここにお泊りするのです。
MAY_0706.OGG,うんお父さんとお母さんにもねそう言ってあるよ。
MAY_0707.OGG,そうでもしないとゴミ間に間に合わないんだへへ。
MAY_0708.OGG,あのねクリスちゃんも一緒だからって説明したらお父さんもお母さんもそれなら安心って言ってくれたんだよ。
MAY_0709.OGG,うん、だってね、電話レンジちゃんの改良で大変なんでしょ？
MAY_0710.OGG,ああマユシ知ってるよきっとあれじゃないかなほら。
MAY_0711.OGG,頭の良くなる芳香剤なんだって。アキバ王で買ってきたってオカリが言ってた。あれっていつの頃だったっけ。
MAY_0712.OGG,本当よかった。
MAY_0713.OGG,オカリナね、まゆしいと同じで、池袋だよ。
MAY_0714.OGG,おかりんも未成年なのにねえ。
MAY_0715.OGG,クリスチャンクリスチャン、オカリナね、マユシたちのこと襲うような悪い人じゃないと思うよ。
MAY_0716.OGG,だってね、まゆしいはもう十年以上の付き合いだけど、一度も襲われたことないもん。
MAY_0717.OGG,うんっていうかね今も人質だよ。
MAY_0718.OGG,やあ、お帰り。覗きは良くないよ。
MAY_0719.OGG,そういうことされるとね、マユシエは悲しいし恥ずかしいです。
MAY_0720.OGG,おかり死んじゃ嫌だよ。
MAY_0721.OGG,オカリ今揺れたけど下は大丈夫だった?
MAY_0722.OGG,それはねえいいことだと思うな食べ物を粗末にしちゃだめだよ。
MAY_0723.OGG,ええと。
MAY_0724.OGG,つまりね、スーパー電話レンジちゃんを完成させるためにはどうすればいいの？
MAY_0725.OGG,"オカリ,オカリ,ちょっと来て。"
MAY_0726.OGG,これをね持っててくれないかなこうしてビローンって広げて。
MAY_0727.OGG,ビローン。
MAY_0728.OGG,うん。
MAY_0729.OGG,うん、ありがとう。
MAY_0730.OGG,できたー！
MAY_0731.OGG,うんクリスちゃんより先にできたよ競争してたんだ。
MAY_0732.OGG,引き分けだね。
MAY_0733.OGG,帽子付き電話レンジちゃん。
MAY_0734.OGG,うんと。
MAY_0735.OGG,タイムリープマシンがいいと思います。
MAY_0736.OGG,帽子付き電話レンジちゃんとね、すごく迷ったけど。
MAY_0737.OGG,えへへ。
MAY_0738.OGG,マユシもわかないよ。
MAY_0739.OGG,ああそうだったねへへへ。
MAY_0740.OGG,ほう。
MAY_0741.OGG,うわー。
MAY_0742.OGG,おお。
MAY_0743.OGG,結局どっち。
MAY_0744.OGG,ねえねえ。
MAY_0745.OGG,まゆしいはね、難しいことはよくわかんないけど。
MAY_0746.OGG,例えばね、マユシーの買ってきたバナナをタイムリープさせるのはどうかな。
MAY_0747.OGG,ああそっかそれじゃあダメだね。
MAY_0748.OGG,トゥトゥルー ただいま。
MAY_0749.OGG,お帰りお帰り。
MAY_0750.OGG,フェリスちゃんやルカちゃんにもね声をかけたんだけど今日は無理って言われちゃった。
MAY_0751.OGG,フェリスちゃんは今日はライネットの大会。
MAY_0752.OGG,あとねルカちゃんはなんだか恥ずかしそうにしてたよ。
MAY_0753.OGG,恥ずかしいんだって可愛いは正義なのに。
MAY_0754.OGG,クリスチャンもね可愛いよね。
MAY_0755.OGG,ねえねえ、今度のコミマに出てみない？
MAY_0756.OGG,新作は無理だけどね。去年作ったブラ中 のセーラ覚醒コバージョンコスがあるんだ。たぶんね、サイズはクリスチャンにちょうど合うと思うし。
MAY_0757.OGG,着るだけでいいよ。でもね、そのうちみんなに見てもらいたくなるよ。コスプレにはそうさせる魔物さんが住んでるんだ。
MAY_0758.OGG,そういえばクリスちゃんっていつも可愛い制服着てるよね。でもこんな制服都内にあったっけ？
MAY_0759.OGG,あー、あやメインなんだ。あそこの制服元々かわいいもんね。でもクリスチャンの改造センスはね、すごくいいかも。
MAY_0760.OGG,明日コス持ってくるね。そしたら試着してくれる?
MAY_0761.OGG,大丈夫だよ。
MAY_0762.OGG,クリスちゃんは知らないかもだけどね。去年ぐらいにこんな言葉が流行ったんだよ。
MAY_0763.OGG,パンツじゃないから恥ずかしくないもんって。
MAY_0764.OGG,絶対来てね。絶対だよ。
MAY_0765.OGG,お帰り。
MAY_0766.OGG,二人を止めて。
MAY_0767.OGG,もう。
MAY_0768.OGG,二人とも聞いて。マユシーはね、喧嘩は嫌いなのです。仲良くしようよ。
MAY_0769.OGG,ねえねえ、オカリ。
MAY_0770.OGG,なんだかね、ここ何週間かですごく賑やかになったね。
MAY_0771.OGG,楽しいね。
MAY_0772.OGG,あのね、ダボメンが八人に増えたでしょ？ちょっと狭くなってきたなってマユシは思うんだ。
MAY_0773.OGG,まずね、椅子が足りないのです。
MAY_0774.OGG,買ってこなくちゃだよ。オカリナお金ある？
MAY_0775.OGG,んじゃあマユシのバイト代もちょっと出していいよ。
MAY_0776.OGG,あとはね、電子レンジ新しいの買わないとジューシー唐揚げナンバーワンが温められないよ。
MAY_0777.OGG,イスト電子レンジの代金とちょっぴり上がっちゃったお家賃を払えるくらいはもらえるかな。
MAY_0778.OGG,そうなんだ。よかったね、おかり。
MAY_0779.OGG,だってお友達たくさんできたもん。
MAY_0780.OGG,ダルくんでしょう？クリスちゃんでしょ？ルカちゃんでしょ？鈴さん、舞香さん、フェリスちゃん、店長さん、なえちゃん、他にも他にも。
MAY_0781.OGG,春の頃はおカリはとっても寂しそうだったけど。
MAY_0782.OGG,もう大丈夫だね。
MAY_0783.OGG,まゆしが人質じゃなくても。
MAY_0784.OGG,本当だ家に電話しなくちゃ。
MAY_0785.OGG,萌香さん、これって。
MAY_0786.OGG,ね、ねえ、萌香さんはラブメン仲間だよね。
MAY_0787.OGG,あっ。
MAY_0788.OGG,お帰り。
MAY_0789.OGG,ぽっかり。
MAY_0790.OGG,はあ。
MAY_0791.OGG,もう大丈夫だね。
MAY_0792.OGG,マユシが人質じゃなくても。
MAY_0793.OGG,ああ。
MAY_0794.OGG,そっか。
MAY_0795.OGG,まゆしは人質なんだね。
MAY_0796.OGG,じゃあしょうがないね。
MAY_0797.OGG,もう大丈夫だね。
MAY_0798.OGG,トゥルル、ただいま。
MAY_0799.OGG,オカリ、オカリ。
MAY_0800.OGG,フェリスちゃんやルカちゃんにもね声をかけたんだけど、今日は無理って言われちゃった。
MAY_0801.OGG,フェリスちゃんは今日はラインネットの大会。
MAY_0802.OGG,あとねルカちゃんはなんだか恥ずかしそうにしてたよ。
MAY_0803.OGG,恥ずかしいんだって可愛いは正義なのに。
MAY_0804.OGG,クリスチャンもね、可愛いよね。
MAY_0805.OGG,ねえねえ今度のコミマに出てみない。
MAY_0806.OGG,新作は無理だけどね。去年作ったブラチューのセーラー覚醒後バージョンコスがあるんだ。多分ね、サイズはクリスチャンにちょうど合うと思うし。
MAY_0807.OGG,着るだけでいいよ。でもね、そのうちみんなに見てもらいたくなるよ。コスプレにはそうさせる魔物さんが住んでるんだ。
MAY_0808.OGG,そういえばクリスちゃんっていつも可愛い制服着てるよね。でもこんな制服都内にあったっけ？
MAY_0809.OGG,あーあやメインなんだ。あそこの制服もともとかわいいもんね。でもクリスちゃんの改造センスはねすごくいいかも。
MAY_0810.OGG,明日コス持ってくるね。そしたら試着してくれる?
MAY_0811.OGG,大丈夫だよ。
MAY_0812.OGG,クリスちゃんは知らないかもだけどね、去年ぐらいにこんな言葉が流行ったんだよ。
MAY_0813.OGG,パンツじゃないから恥ずかしくないもんって。
MAY_0814.OGG,絶対来てね。絶対だよ。
MAY_0815.OGG,お帰り。
MAY_0816.OGG,二人を止めて。
MAY_0817.OGG,もう。
MAY_0818.OGG,二人とも聞いて。マユシはね、喧嘩は嫌いなのです。仲良くしようよ。
MAY_0819.OGG,ねえねえ、オカリ。
MAY_0820.OGG,なんだかねえここ何週間ですごく賑やかになったね。
MAY_0821.OGG,楽しいね。
MAY_0822.OGG,あのね、ダボメンが八人に増えたでしょ？ちょっと狭くなってきたなってマユシは思うんだ。
MAY_0823.OGG,まずね椅子が足りないのです。
MAY_0824.OGG,買ってこなくちゃだよ。オカリナお金ある？
MAY_0825.OGG,んじゃあまゆしいんのバイト代もちょっと出していいよ。
MAY_0826.OGG,あとはね電子レンジ新しいの買わないとジューシー唐揚げナンバーワンが温められないよ。
MAY_0827.OGG,オカリ、大丈夫元気ないよ。
MAY_0828.OGG,体調良くないのかな。だったらね、休まなきゃ。横になる？膝枕してあげるよ。
MAY_0829.OGG,本当だ家に電話しなくちゃ。
MAY_0830.OGG,モエカさん、これって。
MAY_0831.OGG,ねえ萌香さんはラブ面仲間だよね。
MAY_0832.OGG,え。
MAY_0833.OGG,おっかり。
MAY_0834.OGG,ははは。
MAY_0835.OGG,トゥトゥルー マイユシーです。
MAY_0836.OGG,ただいま電話に出ることができません。
MAY_0837.OGG,ピーってなったら伝言どうぞ。
MAY_0838.OGG,お帰り。そんなに急いでどこいくの？
MAY_0839.OGG,わあわあわあ。
MAY_0840.OGG,ま、ま待って荷物が。
MAY_0841.OGG,ええなんで。
MAY_0842.OGG,ねえどこ行くの。
MAY_0843.OGG,少しね、休んだ方がいいんじゃないかな。
MAY_0844.OGG,でもね、オカリすごい汗だよ。運動苦手なのにね。無理すると。
MAY_0845.OGG,どうしたんだろうね。
MAY_0846.OGG,おかり、この人たち知り合い？
MAY_0847.OGG,おかえりどこに行くの？
MAY_0848.OGG,なに、いったいどうなって。
MAY_0849.OGG,トトロまよしいです。
MAY_0850.OGG,ただいま電話に出ることができません。
MAY_0851.OGG,ピーってなったら天候どうぞ。
MAY_0852.OGG,トゥトゥルウ、まゆしいです。おかりんどうしたの？
MAY_0853.OGG,うん、そうだよ。
MAY_0854.OGG,えなんで。
MAY_0855.OGG,あー オカリ。
MAY_0856.OGG,もしかしてオカリナも援護に来てくれたの。
MAY_0857.OGG,ルカちゃんにコスを着てもらうためのね説得だよ。
MAY_0858.OGG,ねえオカリルカちゃんを説得するいい方法何かないかな。
MAY_0859.OGG,マユシイにはルカちゃん攻略法がもう思いつきません。
MAY_0860.OGG,ええどういうこと。
MAY_0861.OGG,どうで旅行かな。
MAY_0862.OGG,オカリ、遠出ってどこ行くの？どうして急に？
MAY_0863.OGG,え、どういうこと？
MAY_0864.OGG,う、うん。
MAY_0865.OGG,お帰り。マユシはなんだか怖いよ。
MAY_0866.OGG,どこ行くの。
MAY_0867.OGG,マユシは置いていかれたくないな。
MAY_0868.OGG,そんなこと言っちゃやだよ。絶対戻ってきてね。でないとマユシは何かなんだか。
MAY_0869.OGG,うん。
MAY_0870.OGG,あのねおっかり、マヨシは聞きたいこといっぱいあるけど今は我慢しとくね。
MAY_0871.OGG,その代わり終わったらね全部聞かせてほしいです。
MAY_0872.OGG,ふぶきちゃんからメールがあってね、マユシーのコスにちょっと問題発生しちゃってたのです。糸がほつれてるところがあったんだ。
MAY_0873.OGG,それを直しに。
MAY_0874.OGG,住んでるっていうかね、今ちょうど U P X のスタベマできてたのです。
MAY_0875.OGG,今日のパーティー。
MAY_0876.OGG,中止になったけど絶対にいつか。
MAY_0877.OGG,ジューシー唐揚げナンバーワン。
MAY_0878.OGG,え。
MAY_0879.OGG,ああ。
MAY_0880.OGG,なんのこと。
MAY_0881.OGG,オカリ。
MAY_0882.OGG,ああ！
MAY_0883.OGG,お帰りお帰りちょっと来て。
MAY_0884.OGG,これをね持っててくれないかなこうしてピローンって広げて。
MAY_0885.OGG,ビローン。
MAY_0886.OGG,うん。
MAY_0887.OGG,うん、ありがとう。
MAY_0888.OGG,うんできたー。
MAY_0889.OGG,クリスちゃんより先にできたよ。競争してたんだ。
MAY_0890.OGG,何が問題なのかな完成したんじゃないの。
MAY_0891.OGG,ああお帰りお帰り鈴さんも一緒だったんだね。
MAY_0892.OGG,やっぱりねスーパー電話レンジちゃんの完成祝いはするべきだよ。
MAY_0893.OGG,ということで、だるくんと二人で買い出ししてね、帰ってきたの。
MAY_0894.OGG,えー オカリ付き合い悪いよ。
MAY_0895.OGG,すずさん元気ないけどどうかしたの?
MAY_0896.OGG,まゆしいも聞きたいよ。
MAY_0897.OGG,でもすずさん落ち込んでるみたいだし、なんだかね、まゆしいは心配なのです。
MAY_0898.OGG,鈴さんは何年生まれなの？
MAY_0899.OGG,七年後なんだ。まだ生まれてないのにここにいるんだね。うん？ええと。
MAY_0900.OGG,ディストピア？
MAY_0901.OGG,それは困るよ。まゆしいはバナナ大好きなのに。
MAY_0902.OGG,じゃあお父さんを探してるっていうのはあれは嘘だったのかな。
MAY_0903.OGG,わあ、ハモったー。
MAY_0904.OGG,えっとなんで二千年と千九百九十一年なの。
MAY_0905.OGG,事件。
MAY_0906.OGG,今年って何か大きな事件起きたかな。
MAY_0907.OGG,あそっかあそうだよねすごい。
MAY_0908.OGG,衣装ってどういうこと？
MAY_0909.OGG,あれじゃないかなクリスちゃんが死んじゃったっていうおかりんのメール。
MAY_0910.OGG,まゆしいはね平泳ぎが得意だよ。
MAY_0911.OGG,そうだよ。タイムマシンならね、時間はあんまり関係ないもん。
MAY_0912.OGG,まゆしいは腹ペコです。
MAY_0913.OGG,わあオカリこんな大金どうするの。
MAY_0914.OGG,ちょっと待って待って。
MAY_0915.OGG,ねえねえみんなもう一つ忘れてるよ。
MAY_0916.OGG,鈴さんのお父さんは今はどこにいるの?
MAY_0917.OGG,どうでもよくないよ。それにタイムマシンを直すのに時間かかるんでしょう。だったらその間、まゆしいはすずさんのお父さんを探そうかなと思って。
MAY_0918.OGG,どう？
MAY_0919.OGG,わあオカリんってばダメなんだよ。約束はねちゃんと守らなきゃ。
MAY_0920.OGG,この前約束したでしょ鈴さんのお父さんはみんなで探そうって。
MAY_0921.OGG,あのね、すずさんがここに来たのはね、使命とかもあるけど、やっぱりお父さんに会いたかったからかなって思って。
MAY_0922.OGG,もしそうならマユシーは合わせてあげたいです。
MAY_0923.OGG,ああ外国人さん。
MAY_0924.OGG,ピンバッジ。
MAY_0925.OGG,なんか書いてあるよ。
MAY_0926.OGG,でもでもこれはきっとヒントになるよ。
MAY_0927.OGG,というわけで鈴さんのお父さん探しに賛成の人。
MAY_0928.OGG,おかりんありがとう。
MAY_0929.OGG,それでいいの。
MAY_0930.OGG,どぅどぅるー まゆしいでーす。
MAY_0931.OGG,えっとね駅の前だよ。
MAY_0932.OGG,うん、わかった。
MAY_0933.OGG,お願いします。お願いします。ご協力よろしくお願いします。
MAY_0934.OGG,先日誘拐事件が起きました。このピンバッジをつけた犯人を探してます。ご協力よろしくお願いいたします。
MAY_0935.OGG,あっ大谷鈴さんあのねちょうど聞きたいことがあったんだ。
MAY_0936.OGG,バレルタイターさんのバレルってどういう意味なのかな。
MAY_0937.OGG,でもでも本名じゃないんだよね。
MAY_0938.OGG,どうしてバレル大頭さんなのかな。鈴さんはなんでジョンさんって名前にしたの？
MAY_0939.OGG,バレルさんはありがちじゃないよ。
MAY_0940.OGG,そのチラシどうかなあ。結構な力作だと思うんだ。
MAY_0941.OGG,マユシのアイデアなのです。この方がね、みんな「おっ」って思ってくれるかなと思って。
MAY_0942.OGG,いい作戦だと思わないかなあ。えっとね、作戦名はマユシチラシで大勝利で。
MAY_0943.OGG,うわー。
MAY_0944.OGG,おかり鈴さんごめんねマユシが足を引っ張っちゃって。
MAY_0945.OGG,ねえねえオカリ、あの人工衛星がタイムマシンだったなんてびっくりしたね。
MAY_0946.OGG,ビルに突き刺さっちゃってるけど、すずさんが無事で良かったね。
MAY_0947.OGG,あれって操作がとっても難しいんだって。
MAY_0948.OGG,重力うんたらかんたら装置の座標がちょっとでもずれるとね、タイムマシンごとゼリーまんになっちゃってプルンプルンかなんだそうです。
MAY_0949.OGG,しかもね、あのタイムマシンってセルン製じゃないから、あんまり安定してないって。
MAY_0950.OGG,千九百七十五年に行くときが心配だな。
MAY_0951.OGG,二人乗りだったらね、一緒に行ってあげられたのにね。
MAY_0952.OGG,決まってるよ。すずさんの手をぎゅって握ってね。大丈夫、まゆしが一緒だから大丈夫だよって応援してあげるの。
MAY_0953.OGG,ねえねえオカリあのタイムマシンって名前はついてるのかな。
MAY_0954.OGG,ああそうだね。まゆしいっかりしてたよ。
MAY_0955.OGG,うん、名前あった。
MAY_0956.OGG,F G二丸四なんとかなんとかだって。
MAY_0957.OGG,ていうかねダルくんと鈴さんって結構お似合いだと思わない?
MAY_0958.OGG,ああ、そっかあ。うん、そうなのかなあ。
MAY_0959.OGG,うん？あのね、もう二着はできてるよ。楓ちゃんと吹雪ちゃんの分。
MAY_0960.OGG,うんそうなんだけどねルカちゃんが説得できなかったから今回は諦めたの。
MAY_0961.OGG,ねえねえ、まゆしいもタイムマシンもっとよく見てきていいかな。
MAY_0962.OGG,はーい。
MAY_0963.OGG,ねえねえオカリあの人工衛星がタイムマシンだったなんてびっくりしたね。
MAY_0964.OGG,ビルに突き刺さっちゃってるけど、すずさんが無事でよかったね。
MAY_0965.OGG,あれって操作がとっても難しいんだって。
MAY_0966.OGG,重力うんたらかんたら装置の座標がちょっとでもずれるとね、タイムマシンごとゼリーマンになっちゃってプルンプルン化なんだそうです。
MAY_0967.OGG,しかもね、あのタイムマシンってセル製じゃないから、あんまり安定してないって。
MAY_0968.OGG,千九百七十五年に行くときが心配だな。
MAY_0969.OGG,二人乗りだったらね、一緒に行ってあげられたのにね。
MAY_0970.OGG,決まってるよ。すずさんの手をぎゅって握ってね。大丈夫。まゆしいが一緒だから大丈夫だよって応援してあげるの。
MAY_0971.OGG,ねえねえお帰り。あのタイムマシンって名前はついてるのかな。
MAY_0972.OGG,ああそうだね、まゆしゆっかりしてたよ。
MAY_0973.OGG,うん、名前合った。
MAY_0974.OGG,F G二まる四なんとかなんとかだって。
MAY_0975.OGG,っていうかねダルくんと鈴さんって結構お似合いだと思わない？
MAY_0976.OGG,ああそっか。うんそうなのかな。
MAY_0977.OGG,ねえねえ、まゆしいもタイムマシンもっとよく見てきていいかな。
MAY_0978.OGG,マユシイたちのこと忘れちゃイヤだよ。
MAY_0979.OGG,ああそれすごくいいかもだよ。
MAY_0980.OGG,はいはいパンパカパーンここでマユシから重大な発表があります。
MAY_0981.OGG,マユシはですね、鈴さんのお父さん見つけました。
MAY_0982.OGG,会いたい。会いたいよね。というわけで、今日はお父さんに来ていただいてます。
MAY_0983.OGG,それでは発表します。すずさんのお父さんは。
MAY_0984.OGG,るるるるるるるるるるるるるるるるるるるる。
MAY_0985.OGG,ジャグジャグ！すずさんのお父さんは。
MAY_0986.OGG,だるくんです。
MAY_0987.OGG,もうみんなダルくんに冷たいよ。
MAY_0988.OGG,うん、あ。
MAY_0989.OGG,あのねマユシの推理だとダルくんは絶対にスズさんのお父さんなの。
MAY_0990.OGG,ピンバッチに書いてある文字のことをね、ずっと考えてたんだ。
MAY_0991.OGG,でね、じーって見てたら、七〇一〇の七の部分がちょっと変だなって気づいて。
MAY_0992.OGG,これはね七じゃなくて二なんだよ下の横棒が掠れて消えちゃってるだけ。
MAY_0993.OGG,デジカメで撮った画像を拡大するとね、気づくよ。
MAY_0994.OGG,簡単だよ。
MAY_0995.OGG,岡部椎名橋田牧瀬デモテアマネ。
MAY_0996.OGG,二千十年っていったら何かなって考えたらねラブ面の年だって思って。
MAY_0997.OGG,未来ガジェット研究所ができたのは今年だもん。
MAY_0998.OGG,でね、鈴さんから聞いた未来の話にはオカリとクリスチャンの話は出てくるけど、ダルくんの話はちっとも出てこなかったでしょ？
MAY_0999.OGG,マユシイはラボメンだけどタイムマシンは作れないし争いごとも好きじゃないから。
MAY_1000.OGG,でもね、だるくんはスーパーハッカーだし、おかりんの右腕だし、電話レンジちゃんだって、おかりんとだるくんの二人で作ったんだから、名前が出てこなくちゃおかしいと思うの。
MAY_1001.OGG,すずさんがいたレジスタンスを作った人の中にはオカリナとバレルタイターさんもいたんでしょう。
MAY_1002.OGG,で二千十年のアキバにいた人で。
MAY_1003.OGG,タイムマシンを独自に研究できる人で。
MAY_1004.OGG,オカリナのリーディングシュークリームを。
MAY_1005.OGG,それについて知ってる人。
MAY_1006.OGG,ねえ、ダル君ならぴったりでしょう？
MAY_1007.OGG,それにね鈴さんがお父さんと会おうとしていた日のこと覚えてる。
MAY_1008.OGG,タイムマシンオフ会に行けばお父さんに会えると思ったんだよね。
MAY_1009.OGG,ちなみにダルくんもそのオフ会に行こうとしてたでしょ？
MAY_1010.OGG,あとね、タイムマシンの名前、F G二〇四なんとかかんとかっていうんだけど、えっと、なんだっけ。
MAY_1011.OGG,それに F G はね、きっとフューチャーガジェットの略だと思うんだ。
MAY_1012.OGG,最後に名前。バレルタイターさんはね、ダルくんしか考えられないよ。
MAY_1013.OGG,バレルはね、樽って意味なんだよね、クリスちゃん。
MAY_1014.OGG,でねでね鈴さん、橋田至って十回言ってみて。
MAY_1015.OGG,言えば分かるよ。
MAY_1016.OGG,今、だいたーって聞こえなかった？
MAY_1017.OGG,橋だいたる橋だいたる橋だいたる橋だいたる。
MAY_1018.OGG,マジです。
MAY_1019.OGG,とってもお似合いの親子だと思うな。
MAY_1020.OGG,ええ、名探偵？へえ、そんなこと言われたの初めてだよ。
MAY_1021.OGG,ひいおじいちゃんらしくドーンって構えてればいいと思うよ。
MAY_1022.OGG,すずさんならね、三十五年前。
MAY_1023.OGG,ええこれもしかして鈴さん。
MAY_1024.OGG,オカリ、大丈夫?
MAY_1025.OGG,お帰り。無茶はだめだよ。
MAY_1026.OGG,おかり、Dメールを送るの。でもそうしたら全部消えちゃうんだよ。
MAY_1027.OGG,いいの？
MAY_1028.OGG,すずさんとの思い出、消えちゃうんだよ。本当にそれでいいの？
MAY_1029.OGG,気持ちいいね。
MAY_1030.OGG,ダルくんはね、メタボだからもっと運動しておくべきだと思うよ。
MAY_1031.OGG,二人ともグタグタだね。えへへ。
MAY_1032.OGG,おかり詳しいんだね。この辺来たことあるの？
MAY_1033.OGG,なんかね、今のオカリ、未来が見えてたみたいだったね。
MAY_1034.OGG,人がいないときに来るのって初めてだよ。
MAY_1035.OGG,ねえねえ、まゆしいはお腹空いちゃった。
MAY_1036.OGG,お帰り鈴さん早く早く。
MAY_1037.OGG,気持ちいいね。
MAY_1038.OGG,ダルくんはね、メタボだからもっと運動しておくべきだと思うよ。
MAY_1039.OGG,二人ともグダグダだね。えへへ。
MAY_1040.OGG,おかりん詳しいんだね。この辺来たことあるの？
MAY_1041.OGG,わー今のトラックひどいよ。
MAY_1042.OGG,人がいない時に来るのって初めてだよ。
MAY_1043.OGG,ねえねえ、まゆしーはお腹空いちゃった。
MAY_1044.OGG,気持ちいいね。
MAY_1045.OGG,ダルくんはね、メタボだからもっと運動しておくべきだと思うよ。
MAY_1046.OGG,二人ともグダグダだね。
MAY_1047.OGG,おかりんそういうこと言っちゃだめなんだよ。
MAY_1048.OGG,わあ今のトラックひどいよ。
MAY_1049.OGG,喧嘩は良くないよ。ダルくんは無事だったんだし、めでたしめでたしだよ。ね。
MAY_1050.OGG,うんそうする。
MAY_1051.OGG,ねえねえ、オカリ。
MAY_1052.OGG,なんだじゃないよ。そんなにじいって見つめられたらね、気になってマユシはソワソワしちゃうのです。
MAY_1053.OGG,うん。
MAY_1054.OGG,今日のオカリ、なんだかいつもと違うような気がするよ。
MAY_1055.OGG,うん、どうかしたの？
MAY_1056.OGG,本当に無理してない。
MAY_1057.OGG,そっか。でもね、たまにはボケーって休むことも必要なんだよ。そのことをね、忘れないでね、ほかなり。
MAY_1058.OGG,オカリ。
MAY_1059.OGG,トゥトゥルー。まさかね、本当に駅まで迎えに来てくれるなんて思わなかった。まゆしいはびっくりなのです。
MAY_1060.OGG,うん困るよね。それでねマユシーはとっても嬉しいよ。えへへ。
MAY_1061.OGG,ねえその抱えてる荷物って何?
MAY_1062.OGG,へえ、なんだかすごそうだね。でも世界線の数値って。
MAY_1063.OGG,あのね、まゆしいはおかりに愛されちゃってるね。えへへ。
MAY_1064.OGG,あのねオカリナとマユーシーは小さい頃からずっとお友達なんだよ。
MAY_1065.OGG,あーえー 今あーへー へー。
MAY_1066.OGG,萌香さん、これって。
MAY_1067.OGG,うん、あ。
MAY_1068.OGG,おっかり。
MAY_1069.OGG,ひ、痛いよ。
MAY_1070.OGG,どうしたの？あっおかりんもバナナ食べる？
MAY_1071.OGG,おかえりなさいませご主人様。
MAY_1072.OGG,ご主人様、違うよ。あのね、マユシニャンニャンだよ。
MAY_1073.OGG,あなたはフェリスちゃんのデュエルパートナーだよね。
MAY_1074.OGG,もしかしてフェリスちゃんこの人にマヨシーの本名教えちゃったの？
MAY_1075.OGG,ああ、あそっかへへ。
MAY_1076.OGG,もうフェリスちゃんお店でイチャイチャしちゃダメだよ。
MAY_1077.OGG,お。
MAY_1078.OGG,ダル？クリス？誰かな。
MAY_1079.OGG,ラブ。
MAY_1080.OGG,うんとマユシはわからないのです。ごめんね。
MAY_1081.OGG,てってるー おかえりー。
MAY_1082.OGG,えっとね、おかえりとおか凛って似てるでしょ？だからくっつけたら一粒で二度おいしいんだよ。
MAY_1083.OGG,対オカリナ専用挨拶ってことでいいんじゃないかな。
MAY_1084.OGG,うん、多分メイクいいんじゃないかな。
MAY_1085.OGG,もちろんだよ。どうして今更そんな当たり前のこと聞くの？変なおかりんだね。
MAY_1086.OGG,あのねマユシは明日からのコミマに備えてお休みをもらっているのです。
MAY_1087.OGG,お帰りー あ、いたー。
MAY_1088.OGG,御仏に御懲りに来たんだよ。
MAY_1089.OGG,あのねマユシはオカリにがっかりなのです。
MAY_1090.OGG,しらばっくれてもだめだもん。おかりんてば、るかちゃんを泣かせたでしょ。
MAY_1091.OGG,ルカちゃんに相談されたんだよ。男だったって言われたって。
MAY_1092.OGG,穂香りなんでそんな酷いこと言ったの？
MAY_1093.OGG,関係なくないよ。ルカちゃんはマユシのお友達だもん。
MAY_1094.OGG,話してくれないならねマユシはオカリント絶交だよもうラブ面もやめちゃうんだからね。
MAY_1095.OGG,ねえねえ、どうしてあんなひどいこと言ったの？
MAY_1096.OGG,何か悩みがあるんだよね。
MAY_1097.OGG,わかるよ。だってね、まゆしいは毎日おかリンのこと見てるもん。
MAY_1098.OGG,それにね昨日も外でクリスちゃんとずっと話し込んでたでしょ。
MAY_1099.OGG,悩みがあるならマユシも聞くよ。
MAY_1100.OGG,マユシーにも話してほしいな。ね、それでね、ルカちゃんに謝りに行こ。仲直りしにいこ。マユシーも一緒に行くから。
MAY_1101.OGG,お、おカリ?
MAY_1102.OGG,お帰り。
MAY_1103.OGG,どこ行くのマユシの話はねまだ終わってないよ。
MAY_1104.OGG,本当謝りに行くのだったらマユシも。
MAY_1105.OGG,ああオカリ，どうだった？
MAY_1106.OGG,ちゃんとルカちゃんに謝ってきたかな。
MAY_1107.OGG,おや。
MAY_1108.OGG,ああオカリナ壊れちゃった。
MAY_1109.OGG,何してるの。
MAY_1110.OGG,占領?
MAY_1111.OGG,オカリあいた。
MAY_1112.OGG,あのねマユシはオカリにがっかりなのです。
MAY_1113.OGG,オカリんてばルカちゃんを泣かせたでしょう。
MAY_1114.OGG,ルカちゃんに相談されたんだよ。男だったって言われたって。
MAY_1115.OGG,オカリなんでそんなひどいこと言ったの。
MAY_1116.OGG,えっそうなのあー良かったー。おかりんが謝らないって言い出したらね、まゆしーはおかりんと絶交するつもりだったんだ。
MAY_1117.OGG,クリスちゃん寝てるの？徹夜なんだから起こさないほうがいいよ。
MAY_1118.OGG,クリスチャントゥトゥル。
MAY_1119.OGG,ああ、テッテルー、おかえりー。
MAY_1120.OGG,るかちゃんとのデートはどうだった。
MAY_1121.OGG,ねえねえ、明後日のコミマ、ルカちゃんとオカリんでコスプレカップルとして出てみようって思ったりしないかな？
MAY_1122.OGG,おかりんからもね、彼氏としてルカちゃんを説得してほしいな。
MAY_1123.OGG,マユシーがどれだけお願いしてもね、ちっともオーケーしてくれないんだよ。コスプレ。
MAY_1124.OGG,でもラブラブなオカリんからお願いされたらね、きっとコロッてオッケーすると思うんだ。
MAY_1125.OGG,ええなんで。
MAY_1126.OGG,おかえり。そんなこと言うとね、ルカちゃんが悲しむよ。
MAY_1127.OGG,好きな人と一緒にいるだけでね、女の子は幸せなんだよ。満足なんだよ。
MAY_1128.OGG,男の子はそうじゃないのかな。
MAY_1129.OGG,だとしたらマユシイは寂しいです。
MAY_1130.OGG,ねえねえルカちゃんはいつから岡林のことを好きだったのかな。
MAY_1131.OGG,トゥトゥルールー おかえりルカちゃん。
MAY_1132.OGG,コミマにようこそ、だかちゃん。
MAY_1133.OGG,ゆっくりしていってね。
MAY_1134.OGG,あのねダルくんはグッズを手に入れるために並んでる最中だから抜け出せないんだって。
MAY_1135.OGG,一式り線リヒンをゲットしたら合流するかもって言ってたよ。
MAY_1136.OGG,今日はまゆしいが会場を案内してあげるよ。って言ってもね、人が多いから邪魔にならないようにしなくちゃ。
MAY_1137.OGG,まずはコスプレ会場に行って、それから中に入ろうかな。
MAY_1138.OGG,ねえねえ二人とも何が見たい？
MAY_1139.OGG,ねえねえルカちゃん、コスプレ会場に行ったらね、絶対にコスプレに対する考え方が変わるよ。
MAY_1140.OGG,恥ずかしいとかそういうのはちっともなくてね、みんなとっても楽しそうなんだから。
MAY_1141.OGG,マユシのコスを着てくれてるレイヤーさん、カエデちゃんとフブキちゃんっていうんだけど、二人のことも紹介するね。
MAY_1142.OGG,でね、できれば明日も来てほしいなあ。そしたらね、ほかりんとるかちゃんの分のコスも用意しておくから。
MAY_1143.OGG,オカリニにはね、コードジアスのゼロサムサマコスが似合うと思うんだ。
MAY_1144.OGG,オカリんが一緒ならねルカちゃんも安心してコスプレできるでしょ。
MAY_1145.OGG,どうかなあ。いいアイデアだってマユシイ的には思うんだ。
MAY_1145_2.OGG,えー、そんな。
MAY_1146.OGG,ああアオカリンごめんね起こしちゃったかな。
MAY_1147.OGG,あのねマユシイはコスを取りに来たのです。
MAY_1148.OGG,それとついでに朝ごはん。
MAY_1149.OGG,うん、誰かはね、自発でもう行っちゃったみたいだよ。
MAY_1150.OGG,ねえねえおかえり昨日ルカちゃんとどこ行ってきたの？
MAY_1151.OGG,楽しいデートはできたかなあのね昨日からルカちゃんメールに返事してくれないんだ。
MAY_1152.OGG,うんマユシはちょっと心配なのです。
MAY_1153.OGG,もしかしてまたルカちゃんのこと泣かせちゃったの？そうだとしたらね、マユシェは悲しいよ。
MAY_1154.OGG,悲しいだってねルカちゃんはマユシーのお友達だもん。
MAY_1155.OGG,うん、いるけど、どうして？
MAY_1156.OGG,本当？もちろんいいよ。
MAY_1157.OGG,ああ結局ね説得はできなかったよ。
MAY_1158.OGG,嫌がってるのに無理やり着せたりしてねトラウマになっちゃったら良くないもん。
MAY_1159.OGG,でもね、ルカちゃんにコミマに来てもらうっていうのはいいアイデアかも。
MAY_1160.OGG,そこで雰囲気を見てもらったらルカちゃんもやってみようかなって思うようになるかな。
MAY_1161.OGG,そしたら次の冬のコミマでいいからコスプレしてくれないかな。
MAY_1162.OGG,そうなってくれるといいな。
MAY_1163.OGG,ねえねえ、本当に今日ルカちゃんを連れてきてくれる?
MAY_1164.OGG,オカリもマユシの作ったコス見に来てくれる?
MAY_1165.OGG,そっかー。本当に二人に来てもらえるならね、とっても嬉しいよ。
MAY_1166.OGG,んじゃ、もう行かなきゃ。
MAY_1167.OGG,どこで待ち合わせるかはマユシーがメールするね。
MAY_1168.OGG,絶対来てね。ずっと待ってるからね。今日だけじゃなくて明日も来たいって思うように頑張って案内するから。
MAY_1169.OGG,オカリ？どうかした？
MAY_1170.OGG,うん、待ってるね。
MAY_1171.OGG,マユシイだったらいつでも何でも相談に乗るからね。
MAY_1172.OGG,じゃあ行ってきます。
MAY_1173.OGG,オカリ。
MAY_1174.OGG,来てくれたんだ。でもちょっと遅いよ。
MAY_1175.OGG,マユシはずっと待ってたのに。
MAY_1176.OGG,すごく寂しかったのです。
MAY_1177.OGG,ルカちゃんは。
MAY_1178.OGG,また泣かせちゃったの。
MAY_1179.OGG,お帰り。
MAY_1180.OGG,本当良かった。
MAY_1181.OGG,じゃあオカリナとルカちゃんは別れたりすることもないんだね。
MAY_1182.OGG,そっか、これでまゆしいは安心してコミマに集中できるよ。
MAY_1183.OGG,そうだよ三日連続なの。
MAY_1184.OGG,タル君遅いね。
MAY_1185.OGG,あのねさっき電話したらまだ近くにいるって言ってたよ。
MAY_1186.OGG,もうちょっと待ってみようよ。
MAY_1187.OGG,ねえねえ、なんとかしてルカちゃんにコスプレしてもらえないかな。
MAY_1188.OGG,うんどうやって説得すればいいんだろうね。
MAY_1189.OGG,ルカちゃんがキラリちゃんのコスプレしたらね、絶対似合うと思うんだ。
MAY_1190.OGG,ルカちゃんってね、マユシイがドキドキしちゃうくらい可愛いもん。
MAY_1191.OGG,世界中の人たちにねルカちゃんの可愛さを知ってもらいたいってオカリも思うよね。
MAY_1192.OGG,あ、それともルカちゃんは自分だけのものって思ってるのかな？でもね、独り占めはダメだよ。まゆしいだってルカちゃんにキュンキュンしたいよ。
MAY_1193.OGG,そっか、よかった。
MAY_1194.OGG,それにねルカちゃんにコスプレしてもらいたい理由はもう一つあるんだよ。
MAY_1195.OGG,ルカちゃんって普段おとなしいでしょ。あんまり自分の意見も言おうとしないし。
MAY_1196.OGG,コスプレするとね、普段の自分とは別の自分になれるんだよ。
MAY_1197.OGG,だからね、最初は恥ずかしいかもしれないけど、ルカちゃんも一度やればきっと新しいルカちゃんを見つけられると思うんだ。
MAY_1198.OGG,そしたらね、今より積極的な性格になってね、もしかするとオカリナをお尻に敷いちゃうかもしれないよ。えへへ。
MAY_1199.OGG,うん。
MAY_1200.OGG,うん。
MAY_1201.OGG,ああダーリンくん遅いよ。
MAY_1202.OGG,んじゃ、帰ろっか。
MAY_1203.OGG,風が気持ちよかったよ。
MAY_1204.OGG,おかり どうかし。
MAY_1205.OGG,うっ、うっ。ああ。
MAY_1206.OGG,ルカちゃんがキラリちゃんのコスプレしたらね、絶対似合うと思うんだ。
MAY_1207.OGG,ルカちゃんってね、マユシがドキドキしちゃうぐらい可愛いもん。
MAY_1208.OGG,ルカちゃんって普段おとなしいでしょ。あんまり自分の意見も言おうとしないし。
MAY_1209.OGG,コスプレするとね、普段の自分とは別の自分になれるんだよ。
MAY_1210.OGG,だからね最初は恥ずかしいかもしれないけどルカちゃんも一度やればきっと新しいルカちゃんを見つけられると思うんだ。
MAY_1211.OGG,そしたらね、今より積極的な性格になってね、もしかするとオカリを尻にしちゃうかもしれないよ。えへへ。
MAY_1212.OGG,あーお腹いっぱい。まゆしーは今日はほとんど何も食べてなかったから、ずっとペコペコだったんだよ。
MAY_1213.OGG,うん明日だけじゃなくて明後日もあるの。
MAY_1214.OGG,さてさて、まゆしいは明日早いからもう帰るね。
MAY_1215.OGG,ねえねえクリスチャンやオカリナはコミマ行かないの？
MAY_1216.OGG,いこうよクリスチャン。
MAY_1217.OGG,今日と比べるとね二日目はそんなに多くないよ。午後から来れば快適そのものなんだから。人気のある同人誌なんかは売り切れちゃうけどね。
MAY_1218.OGG,違うよ。まゆしいはね、おかりんの人質。
MAY_1219.OGG,なになに話ってなに？
MAY_1220.OGG,あのね最近オカリとクリスちゃん仲良しちゃんだよねいつも二人で話しこんでるもん。
MAY_1221.OGG,マユシーも秘密の会議に参加したい気持ちでいっぱいです。
MAY_1222.OGG,あうんわかったありがとうねオカリ。
MAY_1223.OGG,やっと帰ってこられた。
MAY_1224.OGG,ううんあのねラボに行こうと思ってたんだよ。
MAY_1225.OGG,特にないけどね。お帰りんと一緒に久々にのんびりしたいなあって。
MAY_1226.OGG,ちょっとお腹が空いたからね途中でジューシー唐揚げナンバーワンを買うの。
MAY_1227.OGG,ねえねえオカリ今日はねどうしてマユシに付いてきてくれたの？
MAY_1228.OGG,これまでは一度もコミマに一緒に行ったことないよね。オカリは燃えには興味ないもんね。
MAY_1229.OGG,んでどうして今日は付き合ってくれたの?
MAY_1230.OGG,それは。
MAY_1231.OGG,そっか。
MAY_1232.OGG,うん。
MAY_1233.OGG,ああうんルカくん絶対大人気になっちゃうのにね。
MAY_1234.OGG,いろんなブログに画像アップされまくってね、新聞社のニュースサイトにも載って、海外にも紹介されちゃったりするよ。
MAY_1235.OGG,そしたらルカくんはワールドワイドなスーパースターなの。で、まゆしいはそれを見て遠いところに行っちゃったなって思いをはせるのです。
MAY_1236.OGG,ねえ、オカリ。
MAY_1237.OGG,今日はね、ありがとう。
MAY_1238.OGG,だってね、さっきも言ったけど、オカリナと一緒にコミマ来たの初めてだもん。
MAY_1239.OGG,マユシは結構嬉しかったよ。
MAY_1240.OGG,ああでもね次はオカリもコスプレしてくれるともっと嬉しいかも。
MAY_1241.OGG,えっいいの本当に。
MAY_1242.OGG,そっかー道は険しいね。
MAY_1243.OGG,でもね今ちょっと想像してみたらとっても楽しそう。
MAY_1244.OGG,それにクリスチャンはコスプレに興味津々みたいだったし、脈あるかも。
MAY_1245.OGG,まゆし頑張ってみるね。
MAY_1246.OGG,お帰り。
MAY_1247.OGG,こっかり。
MAY_1248.OGG,やっとマユシはオカリナ。
MAY_1249.OGG,役に立てたよ。
MAY_1250.OGG,あ。
MAY_1251.OGG,うん。
MAY_1252.OGG,あのねダルくんから聞いたんだオカリナがなんだか変だったって。
MAY_1253.OGG,マヨシエはコミマに夢中になってて、オカリナのことよく見ててあげられなかったね。
MAY_1254.OGG,いつもなら岡林が元気なかったらすぐに気づくのに。
MAY_1255.OGG,ごめんね。
MAY_1256.OGG,でね、何かあったの？
MAY_1257.OGG,オカリ。
MAY_1258.OGG,あ。
MAY_1259.OGG,そっか。
MAY_1260.OGG,あのね、前はよくマユシーにいろんな話してくれたよね。
MAY_1261.OGG,例えば、ええと、機関には幹部が四人いて、それぞれゲプトスダチと声優とジャコウだけ。
MAY_1262.OGG,そうそうそれ。
MAY_1263.OGG,そういうね、おかりんのお話、とっても面白かったな。
MAY_1264.OGG,でも。
MAY_1265.OGG,ねえ、御仮り。あのね、マユシのこと重に感じてたら言ってね。
MAY_1266.OGG,えへへじゃあとりあえず切るねもしマユシーにいろいろお話ししたいなって思ったらいつでも電話してくれていいからね。
MAY_1267.OGG,じゃあ、トゥトゥルー。
MAY_1268.OGG,ねえおばあちゃん。
MAY_1269.OGG,最近ね、怖い夢をよく見るんだ。
MAY_1270.OGG,その夢の中ではね、いつもマユシはひどい目に遭うの。
MAY_1271.OGG,ピストルでバーンって撃たれたり車の事故に巻き込まれたり電車に轢かれたり。
MAY_1272.OGG,まるで本当のことみたいですごく痛くてすごく悲しくて誰か助けてって一生懸命声を出そうとするけど出せなくて。
MAY_1273.OGG,どうしてそんな夢見るのかな。
MAY_1274.OGG,でね、その夢の最後はいつも決まってるの。
MAY_1275.OGG,まゆしいが泣いてるとね、おかリンが助けに来てくれるんだ。
MAY_1276.OGG,マユシイはオカリにありがとうありがとうって言うんだけど、その声もオカリには聞こえてなくて。
MAY_1277.OGG,オカリナはマユシを抱きしめてとっても悲しそうな顔をしてた。泣いちゃいそうだけど絶対に泣かなくてね。でも一生懸命我慢してるのがわかるの。
MAY_1278.OGG,だからマユシも悲しくなってごめんねごめんねって言うけどやっぱり声は届かなくて。
MAY_1279.OGG,そこでいつも目が覚めるんだ。
MAY_1280.OGG,どうしてこんな夢見るのかな。
MAY_1281.OGG,ああそうそうあのね最近ラブ面がすごく増えたんだよ。
MAY_1282.OGG,クリスちゃんでしょ。萌香さん、ルカくん、ペリスちゃん、それと、もう引っ越しちゃっていないけど、鈴さん。
MAY_1283.OGG,八人だよすごいね。
MAY_1284.OGG,最初はオカリとマユシの二人だけだったのにね。
MAY_1285.OGG,ラボが出来たばっかりの頃はね、オカリナあんまり面白そうじゃなかったけど。
MAY_1286.OGG,最近はね、とっても楽しそうなんだよ。
MAY_1287.OGG,そんなオカリを見てるとね、マユシーも嬉しくなってニコニコできるの。
MAY_1288.OGG,それにね賑やかだとウキウキしてくるし。
MAY_1289.OGG,特にクリスチャンはね、アメリカの有名な本に論文が載ったりして、とっても頭がいいんだよ。
MAY_1290.OGG,マユシは憧れちゃうのです。
MAY_1291.OGG,タイムマシンだって作っちゃうぐらいなんだから。あ、これはオカリとダルくんも一緒に作ってたけどね。
MAY_1292.OGG,でもねたまに思うんだ。
MAY_1293.OGG,最初マユシー が押しかけて。
MAY_1294.OGG,ラボに二人きりだったときのこと。
MAY_1295.OGG,学校が終わってラボに行くとね、オカリナいないの。でね、お部屋の片付けしたり可愛い小物飾り付けたりしてるうちに、オカリナが少し遅れてやってきて。
MAY_1296.OGG,マユシイがおかえりって言うとオカリナはただいまとは言わなくてご苦労って偉そうに答えてた。
MAY_1297.OGG,その後は毎日二時間ぐらい二人でぼんやり過ごして一緒に電車でおうちに帰るの。
MAY_1298.OGG,その二時間はね、会話なんてほとんどなくて。でも、嫌な沈黙とかじゃなくて。
MAY_1299.OGG,ただそこにいるっていう感じで。
MAY_1300.OGG,二人で並んでソファに座って、オカリナはラボの作戦計画書みたいなのを書いてて、マユシは漫画読んだりゲームしたりして。
MAY_1301.OGG,たまに思い出したようにね、一緒にお菓子を食べてた。
MAY_1302.OGG,とてもゆっくり優しく時間が流れてて。
MAY_1303.OGG,それでもいいかななんて思ったり。
MAY_1304.OGG,まるでマユシは本当に人質になっちゃったみたいだなとかふと思って一人でへへって笑ったり。
MAY_1305.OGG,オカリナはニコニコしてるマユシイを見てねこういうの。
MAY_1306.OGG,うん、あのね、いいことはなかったけど、あったよ。
MAY_1307.OGG,そっかじゃあ気をつけなきゃでもねきっとそのイリュージョン小沢君っていう人は。
MAY_1308.OGG,その人はきっと悪い人じゃないと思うな。
MAY_1309.OGG,それはマユシーにはすごく心地よくて。
MAY_1310.OGG,なんだか泣きそうなぐらい嬉しくて。
MAY_1311.OGG,このままずっと続いてほしいなって思ってた。
MAY_1312.OGG,あ今の賑やかさが嫌ってわけじゃないんだよ。
MAY_1313.OGG,最近ね、オカリンと話す時間ちょっと減っちゃった。
MAY_1314.OGG,だからね、まゆしいは寂しくなっちゃったのかもしれないね。
MAY_1315.OGG,でもね、おかりんの重荷にはなりたくないんだ。
MAY_1316.OGG,マユシイはいつもいつもオカリに迷惑かけてばっかりだから。
MAY_1317.OGG,ね、おばあちゃん。
MAY_1318.OGG,いつまでもこのままじゃいられないよね。
MAY_1319.OGG,うわ。
MAY_1320.OGG,ほかりんだー。
MAY_1321.OGG,あすごいね。どうしてここにいるってわかったの？
MAY_1322.OGG,人質。
MAY_1323.OGG,そっか。
MAY_1324.OGG,でもね、あんまり無理したらダメだよ。
MAY_1325.OGG,マユシーはね ちょっぴり心配なのです。
MAY_1326.OGG,声。
MAY_1327.OGG,うん。
MAY_1328.OGG,オカリ帰ろう。
MAY_1329.OGG,もちろんだよ。
MAY_1330.OGG,誰かいますか。
MAY_1331.OGG,おかえりな。
MAY_1332.OGG,ううんなんとなく来てみたの。
MAY_1333.OGG,最近ね、オカリナと話す時間ちょっと減っちゃった。
MAY_1334.OGG,でもね、オカリナの重荷にはなりたくないんだ。
MAY_1335.OGG,もしかしてシャワー浴びてたの？
MAY_1336.OGG,うんおかりシャンプーのいい匂いがするね。
MAY_1337.OGG,今日ね、コミマ行かなかったよ。
MAY_1338.OGG,おかりんのこと気になっちゃったのです。
MAY_1339.OGG,おかりんの辛そうな顔思い出したらね、コミマを楽しんでなんかいられないなって。
MAY_1340.OGG,だから有明まで行ったけど参加せずに帰ってきたの。
MAY_1341.OGG,うん。
MAY_1342.OGG,最近ね、オカリナと話す時間ちょっと減っちゃった。
MAY_1343.OGG,だからねマユシイは寂しくなっちゃったのかもしれないね。
MAY_1344.OGG,実はオカリとクリスちゃんは付き合っていますっていうびっくりなこと。
MAY_1345.OGG,でもね、オカリナとクリスチャンはとっても仲がいいでしょ？二人はお似合いだと思うな。
MAY_1346.OGG,ああ、うん。
MAY_1347.OGG,全部話してほしいなんて思ってないよ。
MAY_1348.OGG,人質だからね。どっちかっていうと何も教えてもらえないのが普通だもん。
MAY_1349.OGG,あ。
MAY_1350.OGG,マユシはオカリの重荷にはなりたくないよ。
MAY_1351.OGG,だからオカリナが言ってくれるまで待つの。
MAY_1352.OGG,昨日もそう言ったよ。
MAY_1353.OGG,それはね、とっても気になっちゃうけど、でもしょうがないかな。
MAY_1354.OGG,マユシに。
MAY_1355.OGG,そのせいでオカリナ辛い顔してるのかな。
MAY_1356.OGG,だったらね、話してほしいな。
MAY_1357.OGG,カリンが辛そうなの見たくないもん。
MAY_1358.OGG,わあ。
MAY_1359.OGG,昨日もさっきも言ったよ。まゆしはおかりんの重荷になりたくないって。
MAY_1360.OGG,あのね、マユシイがおばあちゃんのことで苦しかった時、オカリナはマユシイを人質にしてくれたでしょ。
MAY_1361.OGG,だからね、もしオカリナが苦しいときは、マユシが力になってあげたいってずっと思ってたんだよ。
MAY_1362.OGG,マヤ氏なんかじゃちっとも役に立たないかもしれないけど。
MAY_1363.OGG,やっとマユシはオカリの。
MAY_1364.OGG,役に立てたよ。
MAY_1365.OGG,だからね、これ以上辛い顔しないでほしいな。
MAY_1366.OGG,えっと、おやつ持ってきていい？
MAY_1367.OGG,そうだね。
MAY_1368.OGG,じゃあ、どうぞ。
MAY_1369.OGG,えっ、オカリ。
MAY_1370.OGG,うん。
MAY_1371.OGG,うん。
MAY_1372.OGG,お帰りもクリスチャンも苦しんでたんだね。
MAY_1373.OGG,なのにマユシはのん気にコスを作ってた。
MAY_1374.OGG,こんなのバカみたいだよ。
MAY_1375.OGG,マユコ氏は何も知らなかった。
MAY_1376.OGG,クリスちゃんに会いに行かなきゃ。
MAY_1377.OGG,ねえオカリ、クリスチャンに会いたいよ。
MAY_1378.OGG,あ。
MAY_1379.OGG,えへへ。
MAY_1380.OGG,クリスちゃん。
MAY_1381.OGG,マヤしいはね。クリスちゃんがいなくなるの、やだよ。
MAY_1382.OGG,マヤ神のためなんかに消えたりしないでね。
MAY_1383.OGG,マユシだってクリスちゃんを犠牲にしてまで生きていたくないよ。
MAY_1384.OGG,でも、でも。
MAY_1385.OGG,え。
MAY_1386.OGG,でもクリスちゃんがいなくなったらマユシイは悲しいよ。
MAY_1387.OGG,そういう問題じゃないもん！クリスさんが消えちゃうのが嫌なんだもん！
MAY_1388.OGG,ねえ、やめよう。クリスさんが消えることないよ。
MAY_1389.OGG,クリスちゃん、行かないで、行かないでよ。
MAY_1390.OGG,うっ、うっ、うっ。
MAY_1391.OGG,ごめんなさい。ごめんなさい。ごめんなさい。
MAY_1392.OGG,ほかり。
MAY_1393.OGG,ほかりんの本当の気持ち聞きたいよ。
MAY_1394.OGG,おカリンが心の中で思ってることは素直な言葉で聞きたいよ。
MAY_1395.OGG,マユシイはね、もう重荷になりたくないから。
MAY_1396.OGG,うわー、ありがとう、オカリ。ありがとう。
MAY_1397.OGG,いつも見てた怖い夢も。
MAY_1398.OGG,そこに出てくるかっこいいオカリナも。
MAY_1399.OGG,きっと夢なんかじゃなかったんだね。
MAY_1400.OGG,ずっとマユシを助けようとしてくれてたんだね。
MAY_1401.OGG,ねえ、ほかりん、まゆしいはね、ほかりんのこと。
MAY_1402.OGG,大好きだよ。
MAY_1403.OGG,おかリンがいてくれるからマユシイは毎日笑っていられるんだよ。
MAY_1404.OGG,これからもずっと一緒にいていい?
MAY_1405.OGG,うわ。
MAY_1406.OGG,あのねマヨシイは幸せになるよ。
MAY_1407.OGG,クリスちゃんと約束したから。
MAY_1408.OGG,幸せにしてください。
MAY_1409.OGG,離さないでください。
MAY_1410.OGG,ずっと大好きでいさせてください。
MAY_1411.OGG,お帰り。
MAY_1412.OGG,おかりーどうしたの？
MAY_1413.OGG,うん？なになに？
MAY_1414.OGG,零零四。オカリオカリラボ名はね、オカリとマユシとダルくんの三人しかいないよ。
MAY_1415.OGG,お帰り。何か悲しいことがあったんだね。
MAY_1416.OGG,マユシはね、オカリの力になってあげたいよ。
MAY_1417.OGG,お帰り。泣かないで。
MAY_1418.OGG,マユシはずっと一緒だよ。
MAY_1419.OGG,これまでみたいにずっと。
MAY_1420.OGG,オカリ。
MAY_1421.OGG,ああああ。
MAY_1422.OGG,うわー。
MAY_1423.OGG,お帰り迎えに来てくれたんだね。
MAY_1424.OGG,マユシイのことわざわざ待っててくれるなんて、うん嬉しいよ。
MAY_1425.OGG,へへへ。
MAY_1426.OGG,あのねマユシはオカリのひと時から恋人にクラスチェンジしたんだよね。
MAY_1427.OGG,よかった夢じゃないんだ。
MAY_1428.OGG,でもねラボだってすっごく熱いよ。
MAY_1429.OGG,ここにいるよ。
MAY_1430.OGG,オカリ熱いって言ってたでしょだからね一緒に食べようと思って。
MAY_1431.OGG,うわっ。
MAY_1432.OGG,ええ、でもね、溶けちゃうんじゃないかな。
MAY_1433.OGG,そっか、うんしょうがないよね手を繋いでたら食べられないもんね。
MAY_1434.OGG,マユシだってね、離さないよ。
MAY_1435.OGG,ねえねえオカリ。
MAY_1436.OGG,あのね起きているのに夢を見たことってある。
MAY_1437.OGG,そういうふうに呼ぶの。おかり物知りだね。
MAY_1438.OGG,あのねそれが誰だかわからないんだけどマユシイにはとても大切なお友達がいた気がするの。
MAY_1439.OGG,その大切なお友達のことを考えるとね、すごく切なくなって胸のあたりがきゅうってなるんだ。
MAY_1440.OGG,たまにね声も聞こえるんだよ。
MAY_1441.OGG,幸せになりなさいって。
MAY_1442.OGG,その人がそう言ってくれたからね。まゆしいは今こうして、おかりんと一緒にいられるのかもしれないね。
MAY_1443.OGG,もし会えたら、ありがとうって言いたいな。
MAY_1444.OGG,その人誰だったのかな。
MAY_1445.OGG,そっか、神様ありがとう。
MAY_1446.OGG,マユシはとっても幸せです。
MAY_1447.OGG,お帰り。
MAY_1448.OGG,おかりん、ラボ面には零零四の人はいないよ。
MAY_1449.OGG,オカリ。
MAY_1450.OGG,もういいんだよ。
MAY_1451.OGG,だって今のおかり泣き出しそうな顔してるんだもん。
MAY_1452.OGG,ねえ無理しないで。前にも言ったよね。まゆしいはおかりんの重荷にはなりたくないって。
MAY_1453.OGG,もうその口調続けなくてもいいんだよ。
MAY_1454.OGG,辛いなら普通に戻ってオカリナの心をね、さらけ出してもいいんだよ。
MAY_1455.OGG,もうマユシーのことは気にしなくていいから。
MAY_1456.OGG,マユシー は大丈夫だから。
MAY_1457.OGG,お帰りはね、お帰りのために泣いてもいいんだからね。
MAY_1458.OGG,何があったのかはわからないけど。
MAY_1459.OGG,泣いてもいいんだよ。
MAY_1460.OGG,それよりねラボから電子レンジがなくなっちゃったよ。
MAY_1461.OGG,マヨシーはもうジューシー唐揚げナンバーワンを食べられないのです。
MAY_1462.OGG,はあああれ何。
MAY_1463.OGG,おじさんなの。
MAY_1464.OGG,第三次世界大戦って大変だ大変だよ。
MAY_1465.OGG,おカリ、大丈夫？
MAY_1466.OGG,ううわあ、マヨシは死んじゃうの？
MAY_1467.OGG,あのねマユシは今の話ちんぷんかんぷんなのです。
MAY_1468.OGG,でもねそのマキセさんっていう人はオカリにとってはじ大事な人だったんでしょう。
MAY_1469.OGG,だったら頑張るべきだよオカリ。
MAY_1470.OGG,オカリ絶対帰ってきてね。行ったまま戻ってこなかったら嫌だよ。
MAY_1471.OGG,オカリ。
MAY_1472.OGG,オカリ。
MAY_1473.OGG,ほこり大丈夫しっかりして死なないで。
MAY_1474.OGG,オカリ。
MAY_1475.OGG,ああ。
MAY_1476.OGG,お帰りは途中で諦める人じゃないよ。
MAY_1477.OGG,マユシは知ってるもん。いつもね、絶対に最後まで諦めたりしない。
MAY_1478.OGG,覚えてるマユシーがおばあちゃんのお墓の前で毎日助けてって心の中でつぶやいていた時。
MAY_1479.OGG,ほかりんも毎日マユシーに会いに来てくれたよね。
MAY_1480.OGG,雨の日も雪の日も諦めずにマユシの横に来てマユシの名前ずっと呼び続けてくれたよね。
MAY_1481.OGG,マユシイはね、オカリが最後までそばにいてくれたから、おばあちゃんとはしっかりお別れすることができたんだよ。
MAY_1482.OGG,ねえ、だからオカリ、マユシはよくわからないけど、諦めちゃダメだよ。
MAY_1483.OGG,元気出してほしいよ。
MAY_1484.OGG,お帰り。
MAY_1485.OGG,オカリ、メールが。
MAY_1486.OGG,テレビってどういうことなのかな。
MAY_1487.OGG,オカリ一行こう。
MAY_1488.OGG,ああああああ。
MAY_1489.OGG,あの時なくしたメタルパラ。ほらほら見て、まゆしのサインが入ってる。
MAY_1490.OGG,あの発表会の会場でね、落としちゃったの。探したけど見つからなくて諦めてたんだけど、このおじさんが持ってたんだ。
MAY_1491.OGG,ロシアじゃ返してもらいにいけないよ。
MAY_1492.OGG,きっとそうだよ。あのね、なんとなくおかりんに似てる気がするもん。
MAY_1493.OGG,わはは十五年後のおかり声が渋くなってるよ。
MAY_1494.OGG,でもねでもね、マユシーはこっちのオカリナの方が好きだよ。
MAY_1495.OGG,ほういん京馬はね、昔マユシのことも助けてくれたんだよ。
MAY_1496.OGG,だから今度もね、きっとマキセクリスさんを助けられるよ。
MAY_1497.OGG,それはねえっとねえマユシもさっぱりなのです。
MAY_1498.OGG,おお。
MAY_1499.OGG,ええそうだったんだ。
MAY_1500.OGG,お帰りー、取ってきたよー。
MAY_1501.OGG,はい、これでよかったかな。
MAY_1502.OGG,へへへ、おかりんの役に立ててね、まゆしいも嬉しいよ。
MAY_1503.OGG,ああそれとねついでにこれも。
MAY_1504.OGG,バナナだよ。
MAY_1505.OGG,オカリナ。
MAY_1506.OGG,きっと帰ってきてね。
MAY_1507.OGG,わはあライネットだ。
MAY_1508.OGG,うわー ルーパだよ。
MAY_1509.OGG,レアじゃないけどねすごくかわいいでしょ。まゆしはウーパのことが大好きなのです。
MAY_1510.OGG,ああオカリ。
MAY_1511.OGG,トゥトゥルー おかえり。
MAY_1512.OGG,うん、前も言ったよ。
MAY_1512_2.OGG,おかりんも食べる 大喜利はに一個あげる。
MAY_1513.OGG,ちょっと古いけどね、まだ十分使えるよ。
MAY_1514.OGG,それよりオカリオカリひどいよ。
MAY_1515.OGG,今日どうしてマユシに一言も言わずに退院しちゃったの。
MAY_1516.OGG,マユシとダル君で病院に行ったらもう退院しましたって看護師さんに言われちゃったんだから。
MAY_1517.OGG,おしめのお世話もしてあげたのに。
MAY_1518.OGG,本当？ありがとうカイ。頑張ってお世話してあげた甲斐があったよ。えへへ。
MAY_1519.OGG,わーかわいいね。
MAY_1520.OGG,これから毎日つけておかなきゃ。そうしないとラボに入れてもらえないもんね。
MAY_1521.OGG,でもおカリ、あのねマヨシイはこのピンバッジのデザインを見せてもらった時から一つだけわからないことがあるのです。
MAY_1522.OGG,文字が書いてあるでしょう。O S H M K U F A二千十って。
MAY_1523.OGG,岡部椎名橋田それと漆原フェリスここまではわかるんだけどねその他の M と K と A って誰のことなの。
